# CD-14 mock instrument dump fixture: indices, top NSE stocks, one NFO expiry ladder (frozen, deterministic tokens)
instrument_token,exchange,tradingsymbol,name,instrument_type,segment,expiry,strike,lot_size,tick_size
256265,NSE,NIFTY 50,NIFTY 50,EQ,INDICES,,,1,0.05
260105,NSE,NIFTY BANK,NIFTY BANK,EQ,INDICES,,,1,0.05
264969,NSE,INDIA VIX,INDIA VIX,EQ,INDICES,,,1,0.05
100001,NSE,RELIANCE,RELIANCE,EQ,NSE,,,1,0.05
100002,NSE,TCS,TCS,EQ,NSE,,,1,0.05
100003,NSE,HDFCBANK,HDFCBANK,EQ,NSE,,,1,0.05
100004,NSE,ICICIBANK,ICICIBANK,EQ,NSE,,,1,0.05
100005,NSE,INFY,INFY,EQ,NSE,,,1,0.05
100006,NSE,BHARTIARTL,BHARTIARTL,EQ,NSE,,,1,0.05
100007,NSE,SBIN,SBIN,EQ,NSE,,,1,0.05
100008,NSE,LICI,LICI,EQ,NSE,,,1,0.05
100009,NSE,ITC,ITC,EQ,NSE,,,1,0.05
100010,NSE,HINDUNILVR,HINDUNILVR,EQ,NSE,,,1,0.05
100011,NSE,LT,LT,EQ,NSE,,,1,0.05
100012,NSE,BAJFINANCE,BAJFINANCE,EQ,NSE,,,1,0.05
100013,NSE,HCLTECH,HCLTECH,EQ,NSE,,,1,0.05
100014,NSE,MARUTI,MARUTI,EQ,NSE,,,1,0.05
100015,NSE,SUNPHARMA,SUNPHARMA,EQ,NSE,,,1,0.05
100016,NSE,ADANIENT,ADANIENT,EQ,NSE,,,1,0.05
100017,NSE,KOTAKBANK,KOTAKBANK,EQ,NSE,,,1,0.05
100018,NSE,TITAN,TITAN,EQ,NSE,,,1,0.05
100019,NSE,ONGC,ONGC,EQ,NSE,,,1,0.05
100020,NSE,TATAMOTORS,TATAMOTORS,EQ,NSE,,,1,0.05
100021,NSE,NTPC,NTPC,EQ,NSE,,,1,0.05
100022,NSE,AXISBANK,AXISBANK,EQ,NSE,,,1,0.05
100023,NSE,DMART,DMART,EQ,NSE,,,1,0.05
100024,NSE,ADANIGREEN,ADANIGREEN,EQ,NSE,,,1,0.05
100025,NSE,ADANIPORTS,ADANIPORTS,EQ,NSE,,,1,0.05
100026,NSE,ULTRACEMCO,ULTRACEMCO,EQ,NSE,,,1,0.05
100027,NSE,ASIANPAINT,ASIANPAINT,EQ,NSE,,,1,0.05
100028,NSE,COALINDIA,COALINDIA,EQ,NSE,,,1,0.05
100029,NSE,BAJAJFINSV,BAJAJFINSV,EQ,NSE,,,1,0.05
100030,NSE,POWERGRID,POWERGRID,EQ,NSE,,,1,0.05
100031,NSE,M&M,M&M,EQ,NSE,,,1,0.05
100032,NSE,NESTLEIND,NESTLEIND,EQ,NSE,,,1,0.05
100033,NSE,WIPRO,WIPRO,EQ,NSE,,,1,0.05
100034,NSE,IOC,IOC,EQ,NSE,,,1,0.05
100035,NSE,JIOFIN,JIOFIN,EQ,NSE,,,1,0.05
100036,NSE,HAL,HAL,EQ,NSE,,,1,0.05
100037,NSE,DLF,DLF,EQ,NSE,,,1,0.05
100038,NSE,JSWSTEEL,JSWSTEEL,EQ,NSE,,,1,0.05
100039,NSE,TATASTEEL,TATASTEEL,EQ,NSE,,,1,0.05
100040,NSE,SIEMENS,SIEMENS,EQ,NSE,,,1,0.05
100041,NSE,IRFC,IRFC,EQ,NSE,,,1,0.05
100042,NSE,VBL,VBL,EQ,NSE,,,1,0.05
100043,NSE,ZOMATO,ZOMATO,EQ,NSE,,,1,0.05
100044,NSE,PIDILITIND,PIDILITIND,EQ,NSE,,,1,0.05
100045,NSE,GRASIM,GRASIM,EQ,NSE,,,1,0.05
100046,NSE,HINDZINC,HINDZINC,EQ,NSE,,,1,0.05
100047,NSE,SBILIFE,SBILIFE,EQ,NSE,,,1,0.05
100048,NSE,BEL,BEL,EQ,NSE,,,1,0.05
100049,NSE,LTIM,LTIM,EQ,NSE,,,1,0.05
100050,NSE,TRENT,TRENT,EQ,NSE,,,1,0.05
100051,NSE,BAJAJ-AUTO,BAJAJ-AUTO,EQ,NSE,,,1,0.05
100052,NSE,HDFCLIFE,HDFCLIFE,EQ,NSE,,,1,0.05
100053,NSE,AMBUJACEM,AMBUJACEM,EQ,NSE,,,1,0.05
100054,NSE,PNB,PNB,EQ,NSE,,,1,0.05
100055,NSE,BANKBARODA,BANKBARODA,EQ,NSE,,,1,0.05
100056,NSE,GAIL,GAIL,EQ,NSE,,,1,0.05
100057,NSE,CHOLAFIN,CHOLAFIN,EQ,NSE,,,1,0.05
100058,NSE,TATAPOWER,TATAPOWER,EQ,NSE,,,1,0.05
100059,NSE,ABB,ABB,EQ,NSE,,,1,0.05
100060,NSE,BPCL,BPCL,EQ,NSE,,,1,0.05
100061,NSE,PFC,PFC,EQ,NSE,,,1,0.05
100062,NSE,GODREJCP,GODREJCP,EQ,NSE,,,1,0.05
100063,NSE,HINDALCO,HINDALCO,EQ,NSE,,,1,0.05
100064,NSE,INDUSINDBK,INDUSINDBK,EQ,NSE,,,1,0.05
100065,NSE,TECHM,TECHM,EQ,NSE,,,1,0.05
100066,NSE,EICHERMOT,EICHERMOT,EQ,NSE,,,1,0.05
100067,NSE,RECLTD,RECLTD,EQ,NSE,,,1,0.05
100068,NSE,DRREDDY,DRREDDY,EQ,NSE,,,1,0.05
100069,NSE,SHREECEM,SHREECEM,EQ,NSE,,,1,0.05
100070,NSE,CIPLA,CIPLA,EQ,NSE,,,1,0.05
100071,NSE,UNITDSPR,UNITDSPR,EQ,NSE,,,1,0.05
100072,NSE,HAVELLS,HAVELLS,EQ,NSE,,,1,0.05
100073,NSE,DABUR,DABUR,EQ,NSE,,,1,0.05
100074,NSE,APOLLOHOSP,APOLLOHOSP,EQ,NSE,,,1,0.05
100075,NSE,MANKIND,MANKIND,EQ,NSE,,,1,0.05
100076,NSE,TVSMOTOR,TVSMOTOR,EQ,NSE,,,1,0.05
100077,NSE,HEROMOTOCO,HEROMOTOCO,EQ,NSE,,,1,0.05
100078,NSE,ADANIPOWER,ADANIPOWER,EQ,NSE,,,1,0.05
100079,NSE,ATGL,ATGL,EQ,NSE,,,1,0.05
100080,NSE,LODHA,LODHA,EQ,NSE,,,1,0.05
100081,NSE,DIVISLAB,DIVISLAB,EQ,NSE,,,1,0.05
100082,NSE,JINDALSTEL,JINDALSTEL,EQ,NSE,,,1,0.05
100083,NSE,BRITANNIA,BRITANNIA,EQ,NSE,,,1,0.05
100084,NSE,MOTHERSON,MOTHERSON,EQ,NSE,,,1,0.05
100085,NSE,CGPOWER,CGPOWER,EQ,NSE,,,1,0.05
100086,NSE,ICICIPRULI,ICICIPRULI,EQ,NSE,,,1,0.05
100087,NSE,TORNTPHARM,TORNTPHARM,EQ,NSE,,,1,0.05
100088,NSE,SHRIRAMFIN,SHRIRAMFIN,EQ,NSE,,,1,0.05
100089,NSE,INDIGO,INDIGO,EQ,NSE,,,1,0.05
100090,NSE,POLYCAB,POLYCAB,EQ,NSE,,,1,0.05
100091,NSE,CUMMINSIND,CUMMINSIND,EQ,NSE,,,1,0.05
100092,NSE,BOSCHLTD,BOSCHLTD,EQ,NSE,,,1,0.05
100093,NSE,NHPC,NHPC,EQ,NSE,,,1,0.05
100094,NSE,SRF,SRF,EQ,NSE,,,1,0.05
100095,NSE,IDBI,IDBI,EQ,NSE,,,1,0.05
500001,NFO,NIFTY26JUNFUT,NIFTY,FUT,NFO-FUT,2026-06-25,,75,0.05
500002,NFO,NIFTY2661618000CE,NIFTY,CE,NFO-OPT,2026-06-16,18000,75,0.05
500003,NFO,NIFTY2661618000PE,NIFTY,PE,NFO-OPT,2026-06-16,18000,75,0.05
500004,NFO,NIFTY2661618025CE,NIFTY,CE,NFO-OPT,2026-06-16,18025,75,0.05
500005,NFO,NIFTY2661618025PE,NIFTY,PE,NFO-OPT,2026-06-16,18025,75,0.05
500006,NFO,NIFTY2661618050CE,NIFTY,CE,NFO-OPT,2026-06-16,18050,75,0.05
500007,NFO,NIFTY2661618050PE,NIFTY,PE,NFO-OPT,2026-06-16,18050,75,0.05
500008,NFO,NIFTY2661618075CE,NIFTY,CE,NFO-OPT,2026-06-16,18075,75,0.05
500009,NFO,NIFTY2661618075PE,NIFTY,PE,NFO-OPT,2026-06-16,18075,75,0.05
500010,NFO,NIFTY2661618100CE,NIFTY,CE,NFO-OPT,2026-06-16,18100,75,0.05
500011,NFO,NIFTY2661618100PE,NIFTY,PE,NFO-OPT,2026-06-16,18100,75,0.05
500012,NFO,NIFTY2661618125CE,NIFTY,CE,NFO-OPT,2026-06-16,18125,75,0.05
500013,NFO,NIFTY2661618125PE,NIFTY,PE,NFO-OPT,2026-06-16,18125,75,0.05
500014,NFO,NIFTY2661618150CE,NIFTY,CE,NFO-OPT,2026-06-16,18150,75,0.05
500015,NFO,NIFTY2661618150PE,NIFTY,PE,NFO-OPT,2026-06-16,18150,75,0.05
500016,NFO,NIFTY2661618175CE,NIFTY,CE,NFO-OPT,2026-06-16,18175,75,0.05
500017,NFO,NIFTY2661618175PE,NIFTY,PE,NFO-OPT,2026-06-16,18175,75,0.05
500018,NFO,NIFTY2661618200CE,NIFTY,CE,NFO-OPT,2026-06-16,18200,75,0.05
500019,NFO,NIFTY2661618200PE,NIFTY,PE,NFO-OPT,2026-06-16,18200,75,0.05
500020,NFO,NIFTY2661618225CE,NIFTY,CE,NFO-OPT,2026-06-16,18225,75,0.05
500021,NFO,NIFTY2661618225PE,NIFTY,PE,NFO-OPT,2026-06-16,18225,75,0.05
500022,NFO,NIFTY2661618250CE,NIFTY,CE,NFO-OPT,2026-06-16,18250,75,0.05
500023,NFO,NIFTY2661618250PE,NIFTY,PE,NFO-OPT,2026-06-16,18250,75,0.05
500024,NFO,NIFTY2661618275CE,NIFTY,CE,NFO-OPT,2026-06-16,18275,75,0.05
500025,NFO,NIFTY2661618275PE,NIFTY,PE,NFO-OPT,2026-06-16,18275,75,0.05
500026,NFO,NIFTY2661618300CE,NIFTY,CE,NFO-OPT,2026-06-16,18300,75,0.05
500027,NFO,NIFTY2661618300PE,NIFTY,PE,NFO-OPT,2026-06-16,18300,75,0.05
500028,NFO,NIFTY2661618325CE,NIFTY,CE,NFO-OPT,2026-06-16,18325,75,0.05
500029,NFO,NIFTY2661618325PE,NIFTY,PE,NFO-OPT,2026-06-16,18325,75,0.05
500030,NFO,NIFTY2661618350CE,NIFTY,CE,NFO-OPT,2026-06-16,18350,75,0.05
500031,NFO,NIFTY2661618350PE,NIFTY,PE,NFO-OPT,2026-06-16,18350,75,0.05
500032,NFO,NIFTY2661618375CE,NIFTY,CE,NFO-OPT,2026-06-16,18375,75,0.05
500033,NFO,NIFTY2661618375PE,NIFTY,PE,NFO-OPT,2026-06-16,18375,75,0.05
500034,NFO,NIFTY2661618400CE,NIFTY,CE,NFO-OPT,2026-06-16,18400,75,0.05
500035,NFO,NIFTY2661618400PE,NIFTY,PE,NFO-OPT,2026-06-16,18400,75,0.05
500036,NFO,NIFTY2661618425CE,NIFTY,CE,NFO-OPT,2026-06-16,18425,75,0.05
500037,NFO,NIFTY2661618425PE,NIFTY,PE,NFO-OPT,2026-06-16,18425,75,0.05
500038,NFO,NIFTY2661618450CE,NIFTY,CE,NFO-OPT,2026-06-16,18450,75,0.05
500039,NFO,NIFTY2661618450PE,NIFTY,PE,NFO-OPT,2026-06-16,18450,75,0.05
500040,NFO,NIFTY2661618475CE,NIFTY,CE,NFO-OPT,2026-06-16,18475,75,0.05
500041,NFO,NIFTY2661618475PE,NIFTY,PE,NFO-OPT,2026-06-16,18475,75,0.05
500042,NFO,NIFTY2661618500CE,NIFTY,CE,NFO-OPT,2026-06-16,18500,75,0.05
500043,NFO,NIFTY2661618500PE,NIFTY,PE,NFO-OPT,2026-06-16,18500,75,0.05
500044,NFO,NIFTY2661618525CE,NIFTY,CE,NFO-OPT,2026-06-16,18525,75,0.05
500045,NFO,NIFTY2661618525PE,NIFTY,PE,NFO-OPT,2026-06-16,18525,75,0.05
500046,NFO,NIFTY2661618550CE,NIFTY,CE,NFO-OPT,2026-06-16,18550,75,0.05
500047,NFO,NIFTY2661618550PE,NIFTY,PE,NFO-OPT,2026-06-16,18550,75,0.05
500048,NFO,NIFTY2661618575CE,NIFTY,CE,NFO-OPT,2026-06-16,18575,75,0.05
500049,NFO,NIFTY2661618575PE,NIFTY,PE,NFO-OPT,2026-06-16,18575,75,0.05
500050,NFO,NIFTY2661618600CE,NIFTY,CE,NFO-OPT,2026-06-16,18600,75,0.05
500051,NFO,NIFTY2661618600PE,NIFTY,PE,NFO-OPT,2026-06-16,18600,75,0.05
500052,NFO,NIFTY2661618625CE,NIFTY,CE,NFO-OPT,2026-06-16,18625,75,0.05
500053,NFO,NIFTY2661618625PE,NIFTY,PE,NFO-OPT,2026-06-16,18625,75,0.05
500054,NFO,NIFTY2661618650CE,NIFTY,CE,NFO-OPT,2026-06-16,18650,75,0.05
500055,NFO,NIFTY2661618650PE,NIFTY,PE,NFO-OPT,2026-06-16,18650,75,0.05
500056,NFO,NIFTY2661618675CE,NIFTY,CE,NFO-OPT,2026-06-16,18675,75,0.05
500057,NFO,NIFTY2661618675PE,NIFTY,PE,NFO-OPT,2026-06-16,18675,75,0.05
500058,NFO,NIFTY2661618700CE,NIFTY,CE,NFO-OPT,2026-06-16,18700,75,0.05
500059,NFO,NIFTY2661618700PE,NIFTY,PE,NFO-OPT,2026-06-16,18700,75,0.05
500060,NFO,NIFTY2661618725CE,NIFTY,CE,NFO-OPT,2026-06-16,18725,75,0.05
500061,NFO,NIFTY2661618725PE,NIFTY,PE,NFO-OPT,2026-06-16,18725,75,0.05
500062,NFO,NIFTY2661618750CE,NIFTY,CE,NFO-OPT,2026-06-16,18750,75,0.05
500063,NFO,NIFTY2661618750PE,NIFTY,PE,NFO-OPT,2026-06-16,18750,75,0.05
500064,NFO,NIFTY2661618775CE,NIFTY,CE,NFO-OPT,2026-06-16,18775,75,0.05
500065,NFO,NIFTY2661618775PE,NIFTY,PE,NFO-OPT,2026-06-16,18775,75,0.05
500066,NFO,NIFTY2661618800CE,NIFTY,CE,NFO-OPT,2026-06-16,18800,75,0.05
500067,NFO,NIFTY2661618800PE,NIFTY,PE,NFO-OPT,2026-06-16,18800,75,0.05
500068,NFO,NIFTY2661618825CE,NIFTY,CE,NFO-OPT,2026-06-16,18825,75,0.05
500069,NFO,NIFTY2661618825PE,NIFTY,PE,NFO-OPT,2026-06-16,18825,75,0.05
500070,NFO,NIFTY2661618850CE,NIFTY,CE,NFO-OPT,2026-06-16,18850,75,0.05
500071,NFO,NIFTY2661618850PE,NIFTY,PE,NFO-OPT,2026-06-16,18850,75,0.05
500072,NFO,NIFTY2661618875CE,NIFTY,CE,NFO-OPT,2026-06-16,18875,75,0.05
500073,NFO,NIFTY2661618875PE,NIFTY,PE,NFO-OPT,2026-06-16,18875,75,0.05
500074,NFO,NIFTY2661618900CE,NIFTY,CE,NFO-OPT,2026-06-16,18900,75,0.05
500075,NFO,NIFTY2661618900PE,NIFTY,PE,NFO-OPT,2026-06-16,18900,75,0.05
500076,NFO,NIFTY2661618925CE,NIFTY,CE,NFO-OPT,2026-06-16,18925,75,0.05
500077,NFO,NIFTY2661618925PE,NIFTY,PE,NFO-OPT,2026-06-16,18925,75,0.05
500078,NFO,NIFTY2661618950CE,NIFTY,CE,NFO-OPT,2026-06-16,18950,75,0.05
500079,NFO,NIFTY2661618950PE,NIFTY,PE,NFO-OPT,2026-06-16,18950,75,0.05
500080,NFO,NIFTY2661618975CE,NIFTY,CE,NFO-OPT,2026-06-16,18975,75,0.05
500081,NFO,NIFTY2661618975PE,NIFTY,PE,NFO-OPT,2026-06-16,18975,75,0.05
500082,NFO,NIFTY2661619000CE,NIFTY,CE,NFO-OPT,2026-06-16,19000,75,0.05
500083,NFO,NIFTY2661619000PE,NIFTY,PE,NFO-OPT,2026-06-16,19000,75,0.05
500084,NFO,NIFTY2661619025CE,NIFTY,CE,NFO-OPT,2026-06-16,19025,75,0.05
500085,NFO,NIFTY2661619025PE,NIFTY,PE,NFO-OPT,2026-06-16,19025,75,0.05
500086,NFO,NIFTY2661619050CE,NIFTY,CE,NFO-OPT,2026-06-16,19050,75,0.05
500087,NFO,NIFTY2661619050PE,NIFTY,PE,NFO-OPT,2026-06-16,19050,75,0.05
500088,NFO,NIFTY2661619075CE,NIFTY,CE,NFO-OPT,2026-06-16,19075,75,0.05
500089,NFO,NIFTY2661619075PE,NIFTY,PE,NFO-OPT,2026-06-16,19075,75,0.05
500090,NFO,NIFTY2661619100CE,NIFTY,CE,NFO-OPT,2026-06-16,19100,75,0.05
500091,NFO,NIFTY2661619100PE,NIFTY,PE,NFO-OPT,2026-06-16,19100,75,0.05
500092,NFO,NIFTY2661619125CE,NIFTY,CE,NFO-OPT,2026-06-16,19125,75,0.05
500093,NFO,NIFTY2661619125PE,NIFTY,PE,NFO-OPT,2026-06-16,19125,75,0.05
500094,NFO,NIFTY2661619150CE,NIFTY,CE,NFO-OPT,2026-06-16,19150,75,0.05
500095,NFO,NIFTY2661619150PE,NIFTY,PE,NFO-OPT,2026-06-16,19150,75,0.05
500096,NFO,NIFTY2661619175CE,NIFTY,CE,NFO-OPT,2026-06-16,19175,75,0.05
500097,NFO,NIFTY2661619175PE,NIFTY,PE,NFO-OPT,2026-06-16,19175,75,0.05
500098,NFO,NIFTY2661619200CE,NIFTY,CE,NFO-OPT,2026-06-16,19200,75,0.05
500099,NFO,NIFTY2661619200PE,NIFTY,PE,NFO-OPT,2026-06-16,19200,75,0.05
500100,NFO,NIFTY2661619225CE,NIFTY,CE,NFO-OPT,2026-06-16,19225,75,0.05
500101,NFO,NIFTY2661619225PE,NIFTY,PE,NFO-OPT,2026-06-16,19225,75,0.05
500102,NFO,NIFTY2661619250CE,NIFTY,CE,NFO-OPT,2026-06-16,19250,75,0.05
500103,NFO,NIFTY2661619250PE,NIFTY,PE,NFO-OPT,2026-06-16,19250,75,0.05
500104,NFO,NIFTY2661619275CE,NIFTY,CE,NFO-OPT,2026-06-16,19275,75,0.05
500105,NFO,NIFTY2661619275PE,NIFTY,PE,NFO-OPT,2026-06-16,19275,75,0.05
500106,NFO,NIFTY2661619300CE,NIFTY,CE,NFO-OPT,2026-06-16,19300,75,0.05
500107,NFO,NIFTY2661619300PE,NIFTY,PE,NFO-OPT,2026-06-16,19300,75,0.05
500108,NFO,NIFTY2661619325CE,NIFTY,CE,NFO-OPT,2026-06-16,19325,75,0.05
500109,NFO,NIFTY2661619325PE,NIFTY,PE,NFO-OPT,2026-06-16,19325,75,0.05
500110,NFO,NIFTY2661619350CE,NIFTY,CE,NFO-OPT,2026-06-16,19350,75,0.05
500111,NFO,NIFTY2661619350PE,NIFTY,PE,NFO-OPT,2026-06-16,19350,75,0.05
500112,NFO,NIFTY2661619375CE,NIFTY,CE,NFO-OPT,2026-06-16,19375,75,0.05
500113,NFO,NIFTY2661619375PE,NIFTY,PE,NFO-OPT,2026-06-16,19375,75,0.05
500114,NFO,NIFTY2661619400CE,NIFTY,CE,NFO-OPT,2026-06-16,19400,75,0.05
500115,NFO,NIFTY2661619400PE,NIFTY,PE,NFO-OPT,2026-06-16,19400,75,0.05
500116,NFO,NIFTY2661619425CE,NIFTY,CE,NFO-OPT,2026-06-16,19425,75,0.05
500117,NFO,NIFTY2661619425PE,NIFTY,PE,NFO-OPT,2026-06-16,19425,75,0.05
500118,NFO,NIFTY2661619450CE,NIFTY,CE,NFO-OPT,2026-06-16,19450,75,0.05
500119,NFO,NIFTY2661619450PE,NIFTY,PE,NFO-OPT,2026-06-16,19450,75,0.05
500120,NFO,NIFTY2661619475CE,NIFTY,CE,NFO-OPT,2026-06-16,19475,75,0.05
500121,NFO,NIFTY2661619475PE,NIFTY,PE,NFO-OPT,2026-06-16,19475,75,0.05
500122,NFO,NIFTY2661619500CE,NIFTY,CE,NFO-OPT,2026-06-16,19500,75,0.05
500123,NFO,NIFTY2661619500PE,NIFTY,PE,NFO-OPT,2026-06-16,19500,75,0.05
500124,NFO,NIFTY2661619525CE,NIFTY,CE,NFO-OPT,2026-06-16,19525,75,0.05
500125,NFO,NIFTY2661619525PE,NIFTY,PE,NFO-OPT,2026-06-16,19525,75,0.05
500126,NFO,NIFTY2661619550CE,NIFTY,CE,NFO-OPT,2026-06-16,19550,75,0.05
500127,NFO,NIFTY2661619550PE,NIFTY,PE,NFO-OPT,2026-06-16,19550,75,0.05
500128,NFO,NIFTY2661619575CE,NIFTY,CE,NFO-OPT,2026-06-16,19575,75,0.05
500129,NFO,NIFTY2661619575PE,NIFTY,PE,NFO-OPT,2026-06-16,19575,75,0.05
500130,NFO,NIFTY2661619600CE,NIFTY,CE,NFO-OPT,2026-06-16,19600,75,0.05
500131,NFO,NIFTY2661619600PE,NIFTY,PE,NFO-OPT,2026-06-16,19600,75,0.05
500132,NFO,NIFTY2661619625CE,NIFTY,CE,NFO-OPT,2026-06-16,19625,75,0.05
500133,NFO,NIFTY2661619625PE,NIFTY,PE,NFO-OPT,2026-06-16,19625,75,0.05
500134,NFO,NIFTY2661619650CE,NIFTY,CE,NFO-OPT,2026-06-16,19650,75,0.05
500135,NFO,NIFTY2661619650PE,NIFTY,PE,NFO-OPT,2026-06-16,19650,75,0.05
500136,NFO,NIFTY2661619675CE,NIFTY,CE,NFO-OPT,2026-06-16,19675,75,0.05
500137,NFO,NIFTY2661619675PE,NIFTY,PE,NFO-OPT,2026-06-16,19675,75,0.05
500138,NFO,NIFTY2661619700CE,NIFTY,CE,NFO-OPT,2026-06-16,19700,75,0.05
500139,NFO,NIFTY2661619700PE,NIFTY,PE,NFO-OPT,2026-06-16,19700,75,0.05
500140,NFO,NIFTY2661619725CE,NIFTY,CE,NFO-OPT,2026-06-16,19725,75,0.05
500141,NFO,NIFTY2661619725PE,NIFTY,PE,NFO-OPT,2026-06-16,19725,75,0.05
500142,NFO,NIFTY2661619750CE,NIFTY,CE,NFO-OPT,2026-06-16,19750,75,0.05
500143,NFO,NIFTY2661619750PE,NIFTY,PE,NFO-OPT,2026-06-16,19750,75,0.05
500144,NFO,NIFTY2661619775CE,NIFTY,CE,NFO-OPT,2026-06-16,19775,75,0.05
500145,NFO,NIFTY2661619775PE,NIFTY,PE,NFO-OPT,2026-06-16,19775,75,0.05
500146,NFO,NIFTY2661619800CE,NIFTY,CE,NFO-OPT,2026-06-16,19800,75,0.05
500147,NFO,NIFTY2661619800PE,NIFTY,PE,NFO-OPT,2026-06-16,19800,75,0.05
500148,NFO,NIFTY2661619825CE,NIFTY,CE,NFO-OPT,2026-06-16,19825,75,0.05
500149,NFO,NIFTY2661619825PE,NIFTY,PE,NFO-OPT,2026-06-16,19825,75,0.05
500150,NFO,NIFTY2661619850CE,NIFTY,CE,NFO-OPT,2026-06-16,19850,75,0.05
500151,NFO,NIFTY2661619850PE,NIFTY,PE,NFO-OPT,2026-06-16,19850,75,0.05
500152,NFO,NIFTY2661619875CE,NIFTY,CE,NFO-OPT,2026-06-16,19875,75,0.05
500153,NFO,NIFTY2661619875PE,NIFTY,PE,NFO-OPT,2026-06-16,19875,75,0.05
500154,NFO,NIFTY2661619900CE,NIFTY,CE,NFO-OPT,2026-06-16,19900,75,0.05
500155,NFO,NIFTY2661619900PE,NIFTY,PE,NFO-OPT,2026-06-16,19900,75,0.05
500156,NFO,NIFTY2661619925CE,NIFTY,CE,NFO-OPT,2026-06-16,19925,75,0.05
500157,NFO,NIFTY2661619925PE,NIFTY,PE,NFO-OPT,2026-06-16,19925,75,0.05
500158,NFO,NIFTY2661619950CE,NIFTY,CE,NFO-OPT,2026-06-16,19950,75,0.05
500159,NFO,NIFTY2661619950PE,NIFTY,PE,NFO-OPT,2026-06-16,19950,75,0.05
500160,NFO,NIFTY2661619975CE,NIFTY,CE,NFO-OPT,2026-06-16,19975,75,0.05
500161,NFO,NIFTY2661619975PE,NIFTY,PE,NFO-OPT,2026-06-16,19975,75,0.05
500162,NFO,NIFTY2661620000CE,NIFTY,CE,NFO-OPT,2026-06-16,20000,75,0.05
500163,NFO,NIFTY2661620000PE,NIFTY,PE,NFO-OPT,2026-06-16,20000,75,0.05
500164,NFO,NIFTY2661620025CE,NIFTY,CE,NFO-OPT,2026-06-16,20025,75,0.05
500165,NFO,NIFTY2661620025PE,NIFTY,PE,NFO-OPT,2026-06-16,20025,75,0.05
500166,NFO,NIFTY2661620050CE,NIFTY,CE,NFO-OPT,2026-06-16,20050,75,0.05
500167,NFO,NIFTY2661620050PE,NIFTY,PE,NFO-OPT,2026-06-16,20050,75,0.05
500168,NFO,NIFTY2661620075CE,NIFTY,CE,NFO-OPT,2026-06-16,20075,75,0.05
500169,NFO,NIFTY2661620075PE,NIFTY,PE,NFO-OPT,2026-06-16,20075,75,0.05
500170,NFO,NIFTY2661620100CE,NIFTY,CE,NFO-OPT,2026-06-16,20100,75,0.05
500171,NFO,NIFTY2661620100PE,NIFTY,PE,NFO-OPT,2026-06-16,20100,75,0.05
500172,NFO,NIFTY2661620125CE,NIFTY,CE,NFO-OPT,2026-06-16,20125,75,0.05
500173,NFO,NIFTY2661620125PE,NIFTY,PE,NFO-OPT,2026-06-16,20125,75,0.05
500174,NFO,NIFTY2661620150CE,NIFTY,CE,NFO-OPT,2026-06-16,20150,75,0.05
500175,NFO,NIFTY2661620150PE,NIFTY,PE,NFO-OPT,2026-06-16,20150,75,0.05
500176,NFO,NIFTY2661620175CE,NIFTY,CE,NFO-OPT,2026-06-16,20175,75,0.05
500177,NFO,NIFTY2661620175PE,NIFTY,PE,NFO-OPT,2026-06-16,20175,75,0.05
500178,NFO,NIFTY2661620200CE,NIFTY,CE,NFO-OPT,2026-06-16,20200,75,0.05
500179,NFO,NIFTY2661620200PE,NIFTY,PE,NFO-OPT,2026-06-16,20200,75,0.05
500180,NFO,NIFTY2661620225CE,NIFTY,CE,NFO-OPT,2026-06-16,20225,75,0.05
500181,NFO,NIFTY2661620225PE,NIFTY,PE,NFO-OPT,2026-06-16,20225,75,0.05
500182,NFO,NIFTY2661620250CE,NIFTY,CE,NFO-OPT,2026-06-16,20250,75,0.05
500183,NFO,NIFTY2661620250PE,NIFTY,PE,NFO-OPT,2026-06-16,20250,75,0.05
500184,NFO,NIFTY2661620275CE,NIFTY,CE,NFO-OPT,2026-06-16,20275,75,0.05
500185,NFO,NIFTY2661620275PE,NIFTY,PE,NFO-OPT,2026-06-16,20275,75,0.05
500186,NFO,NIFTY2661620300CE,NIFTY,CE,NFO-OPT,2026-06-16,20300,75,0.05
500187,NFO,NIFTY2661620300PE,NIFTY,PE,NFO-OPT,2026-06-16,20300,75,0.05
500188,NFO,NIFTY2661620325CE,NIFTY,CE,NFO-OPT,2026-06-16,20325,75,0.05
500189,NFO,NIFTY2661620325PE,NIFTY,PE,NFO-OPT,2026-06-16,20325,75,0.05
500190,NFO,NIFTY2661620350CE,NIFTY,CE,NFO-OPT,2026-06-16,20350,75,0.05
500191,NFO,NIFTY2661620350PE,NIFTY,PE,NFO-OPT,2026-06-16,20350,75,0.05
500192,NFO,NIFTY2661620375CE,NIFTY,CE,NFO-OPT,2026-06-16,20375,75,0.05
500193,NFO,NIFTY2661620375PE,NIFTY,PE,NFO-OPT,2026-06-16,20375,75,0.05
500194,NFO,NIFTY2661620400CE,NIFTY,CE,NFO-OPT,2026-06-16,20400,75,0.05
500195,NFO,NIFTY2661620400PE,NIFTY,PE,NFO-OPT,2026-06-16,20400,75,0.05
500196,NFO,NIFTY2661620425CE,NIFTY,CE,NFO-OPT,2026-06-16,20425,75,0.05
500197,NFO,NIFTY2661620425PE,NIFTY,PE,NFO-OPT,2026-06-16,20425,75,0.05
500198,NFO,NIFTY2661620450CE,NIFTY,CE,NFO-OPT,2026-06-16,20450,75,0.05
500199,NFO,NIFTY2661620450PE,NIFTY,PE,NFO-OPT,2026-06-16,20450,75,0.05
500200,NFO,NIFTY2661620475CE,NIFTY,CE,NFO-OPT,2026-06-16,20475,75,0.05
500201,NFO,NIFTY2661620475PE,NIFTY,PE,NFO-OPT,2026-06-16,20475,75,0.05
500202,NFO,NIFTY2661620500CE,NIFTY,CE,NFO-OPT,2026-06-16,20500,75,0.05
500203,NFO,NIFTY2661620500PE,NIFTY,PE,NFO-OPT,2026-06-16,20500,75,0.05
500204,NFO,NIFTY2661620525CE,NIFTY,CE,NFO-OPT,2026-06-16,20525,75,0.05
500205,NFO,NIFTY2661620525PE,NIFTY,PE,NFO-OPT,2026-06-16,20525,75,0.05
500206,NFO,NIFTY2661620550CE,NIFTY,CE,NFO-OPT,2026-06-16,20550,75,0.05
500207,NFO,NIFTY2661620550PE,NIFTY,PE,NFO-OPT,2026-06-16,20550,75,0.05
500208,NFO,NIFTY2661620575CE,NIFTY,CE,NFO-OPT,2026-06-16,20575,75,0.05
500209,NFO,NIFTY2661620575PE,NIFTY,PE,NFO-OPT,2026-06-16,20575,75,0.05
500210,NFO,NIFTY2661620600CE,NIFTY,CE,NFO-OPT,2026-06-16,20600,75,0.05
500211,NFO,NIFTY2661620600PE,NIFTY,PE,NFO-OPT,2026-06-16,20600,75,0.05
500212,NFO,NIFTY2661620625CE,NIFTY,CE,NFO-OPT,2026-06-16,20625,75,0.05
500213,NFO,NIFTY2661620625PE,NIFTY,PE,NFO-OPT,2026-06-16,20625,75,0.05
500214,NFO,NIFTY2661620650CE,NIFTY,CE,NFO-OPT,2026-06-16,20650,75,0.05
500215,NFO,NIFTY2661620650PE,NIFTY,PE,NFO-OPT,2026-06-16,20650,75,0.05
500216,NFO,NIFTY2661620675CE,NIFTY,CE,NFO-OPT,2026-06-16,20675,75,0.05
500217,NFO,NIFTY2661620675PE,NIFTY,PE,NFO-OPT,2026-06-16,20675,75,0.05
500218,NFO,NIFTY2661620700CE,NIFTY,CE,NFO-OPT,2026-06-16,20700,75,0.05
500219,NFO,NIFTY2661620700PE,NIFTY,PE,NFO-OPT,2026-06-16,20700,75,0.05
500220,NFO,NIFTY2661620725CE,NIFTY,CE,NFO-OPT,2026-06-16,20725,75,0.05
500221,NFO,NIFTY2661620725PE,NIFTY,PE,NFO-OPT,2026-06-16,20725,75,0.05
500222,NFO,NIFTY2661620750CE,NIFTY,CE,NFO-OPT,2026-06-16,20750,75,0.05
500223,NFO,NIFTY2661620750PE,NIFTY,PE,NFO-OPT,2026-06-16,20750,75,0.05
500224,NFO,NIFTY2661620775CE,NIFTY,CE,NFO-OPT,2026-06-16,20775,75,0.05
500225,NFO,NIFTY2661620775PE,NIFTY,PE,NFO-OPT,2026-06-16,20775,75,0.05
500226,NFO,NIFTY2661620800CE,NIFTY,CE,NFO-OPT,2026-06-16,20800,75,0.05
500227,NFO,NIFTY2661620800PE,NIFTY,PE,NFO-OPT,2026-06-16,20800,75,0.05
500228,NFO,NIFTY2661620825CE,NIFTY,CE,NFO-OPT,2026-06-16,20825,75,0.05
500229,NFO,NIFTY2661620825PE,NIFTY,PE,NFO-OPT,2026-06-16,20825,75,0.05
500230,NFO,NIFTY2661620850CE,NIFTY,CE,NFO-OPT,2026-06-16,20850,75,0.05
500231,NFO,NIFTY2661620850PE,NIFTY,PE,NFO-OPT,2026-06-16,20850,75,0.05
500232,NFO,NIFTY2661620875CE,NIFTY,CE,NFO-OPT,2026-06-16,20875,75,0.05
500233,NFO,NIFTY2661620875PE,NIFTY,PE,NFO-OPT,2026-06-16,20875,75,0.05
500234,NFO,NIFTY2661620900CE,NIFTY,CE,NFO-OPT,2026-06-16,20900,75,0.05
500235,NFO,NIFTY2661620900PE,NIFTY,PE,NFO-OPT,2026-06-16,20900,75,0.05
500236,NFO,NIFTY2661620925CE,NIFTY,CE,NFO-OPT,2026-06-16,20925,75,0.05
500237,NFO,NIFTY2661620925PE,NIFTY,PE,NFO-OPT,2026-06-16,20925,75,0.05
500238,NFO,NIFTY2661620950CE,NIFTY,CE,NFO-OPT,2026-06-16,20950,75,0.05
500239,NFO,NIFTY2661620950PE,NIFTY,PE,NFO-OPT,2026-06-16,20950,75,0.05
500240,NFO,NIFTY2661620975CE,NIFTY,CE,NFO-OPT,2026-06-16,20975,75,0.05
500241,NFO,NIFTY2661620975PE,NIFTY,PE,NFO-OPT,2026-06-16,20975,75,0.05
500242,NFO,NIFTY2661621000CE,NIFTY,CE,NFO-OPT,2026-06-16,21000,75,0.05
500243,NFO,NIFTY2661621000PE,NIFTY,PE,NFO-OPT,2026-06-16,21000,75,0.05
500244,NFO,NIFTY2661621025CE,NIFTY,CE,NFO-OPT,2026-06-16,21025,75,0.05
500245,NFO,NIFTY2661621025PE,NIFTY,PE,NFO-OPT,2026-06-16,21025,75,0.05
500246,NFO,NIFTY2661621050CE,NIFTY,CE,NFO-OPT,2026-06-16,21050,75,0.05
500247,NFO,NIFTY2661621050PE,NIFTY,PE,NFO-OPT,2026-06-16,21050,75,0.05
500248,NFO,NIFTY2661621075CE,NIFTY,CE,NFO-OPT,2026-06-16,21075,75,0.05
500249,NFO,NIFTY2661621075PE,NIFTY,PE,NFO-OPT,2026-06-16,21075,75,0.05
500250,NFO,NIFTY2661621100CE,NIFTY,CE,NFO-OPT,2026-06-16,21100,75,0.05
500251,NFO,NIFTY2661621100PE,NIFTY,PE,NFO-OPT,2026-06-16,21100,75,0.05
500252,NFO,NIFTY2661621125CE,NIFTY,CE,NFO-OPT,2026-06-16,21125,75,0.05
500253,NFO,NIFTY2661621125PE,NIFTY,PE,NFO-OPT,2026-06-16,21125,75,0.05
500254,NFO,NIFTY2661621150CE,NIFTY,CE,NFO-OPT,2026-06-16,21150,75,0.05
500255,NFO,NIFTY2661621150PE,NIFTY,PE,NFO-OPT,2026-06-16,21150,75,0.05
500256,NFO,NIFTY2661621175CE,NIFTY,CE,NFO-OPT,2026-06-16,21175,75,0.05
500257,NFO,NIFTY2661621175PE,NIFTY,PE,NFO-OPT,2026-06-16,21175,75,0.05
500258,NFO,NIFTY2661621200CE,NIFTY,CE,NFO-OPT,2026-06-16,21200,75,0.05
500259,NFO,NIFTY2661621200PE,NIFTY,PE,NFO-OPT,2026-06-16,21200,75,0.05
500260,NFO,NIFTY2661621225CE,NIFTY,CE,NFO-OPT,2026-06-16,21225,75,0.05
500261,NFO,NIFTY2661621225PE,NIFTY,PE,NFO-OPT,2026-06-16,21225,75,0.05
500262,NFO,NIFTY2661621250CE,NIFTY,CE,NFO-OPT,2026-06-16,21250,75,0.05
500263,NFO,NIFTY2661621250PE,NIFTY,PE,NFO-OPT,2026-06-16,21250,75,0.05
500264,NFO,NIFTY2661621275CE,NIFTY,CE,NFO-OPT,2026-06-16,21275,75,0.05
500265,NFO,NIFTY2661621275PE,NIFTY,PE,NFO-OPT,2026-06-16,21275,75,0.05
500266,NFO,NIFTY2661621300CE,NIFTY,CE,NFO-OPT,2026-06-16,21300,75,0.05
500267,NFO,NIFTY2661621300PE,NIFTY,PE,NFO-OPT,2026-06-16,21300,75,0.05
500268,NFO,NIFTY2661621325CE,NIFTY,CE,NFO-OPT,2026-06-16,21325,75,0.05
500269,NFO,NIFTY2661621325PE,NIFTY,PE,NFO-OPT,2026-06-16,21325,75,0.05
500270,NFO,NIFTY2661621350CE,NIFTY,CE,NFO-OPT,2026-06-16,21350,75,0.05
500271,NFO,NIFTY2661621350PE,NIFTY,PE,NFO-OPT,2026-06-16,21350,75,0.05
500272,NFO,NIFTY2661621375CE,NIFTY,CE,NFO-OPT,2026-06-16,21375,75,0.05
500273,NFO,NIFTY2661621375PE,NIFTY,PE,NFO-OPT,2026-06-16,21375,75,0.05
500274,NFO,NIFTY2661621400CE,NIFTY,CE,NFO-OPT,2026-06-16,21400,75,0.05
500275,NFO,NIFTY2661621400PE,NIFTY,PE,NFO-OPT,2026-06-16,21400,75,0.05
500276,NFO,NIFTY2661621425CE,NIFTY,CE,NFO-OPT,2026-06-16,21425,75,0.05
500277,NFO,NIFTY2661621425PE,NIFTY,PE,NFO-OPT,2026-06-16,21425,75,0.05
500278,NFO,NIFTY2661621450CE,NIFTY,CE,NFO-OPT,2026-06-16,21450,75,0.05
500279,NFO,NIFTY2661621450PE,NIFTY,PE,NFO-OPT,2026-06-16,21450,75,0.05
500280,NFO,NIFTY2661621475CE,NIFTY,CE,NFO-OPT,2026-06-16,21475,75,0.05
500281,NFO,NIFTY2661621475PE,NIFTY,PE,NFO-OPT,2026-06-16,21475,75,0.05
500282,NFO,NIFTY2661621500CE,NIFTY,CE,NFO-OPT,2026-06-16,21500,75,0.05
500283,NFO,NIFTY2661621500PE,NIFTY,PE,NFO-OPT,2026-06-16,21500,75,0.05
500284,NFO,NIFTY2661621525CE,NIFTY,CE,NFO-OPT,2026-06-16,21525,75,0.05
500285,NFO,NIFTY2661621525PE,NIFTY,PE,NFO-OPT,2026-06-16,21525,75,0.05
500286,NFO,NIFTY2661621550CE,NIFTY,CE,NFO-OPT,2026-06-16,21550,75,0.05
500287,NFO,NIFTY2661621550PE,NIFTY,PE,NFO-OPT,2026-06-16,21550,75,0.05
500288,NFO,NIFTY2661621575CE,NIFTY,CE,NFO-OPT,2026-06-16,21575,75,0.05
500289,NFO,NIFTY2661621575PE,NIFTY,PE,NFO-OPT,2026-06-16,21575,75,0.05
500290,NFO,NIFTY2661621600CE,NIFTY,CE,NFO-OPT,2026-06-16,21600,75,0.05
500291,NFO,NIFTY2661621600PE,NIFTY,PE,NFO-OPT,2026-06-16,21600,75,0.05
500292,NFO,NIFTY2661621625CE,NIFTY,CE,NFO-OPT,2026-06-16,21625,75,0.05
500293,NFO,NIFTY2661621625PE,NIFTY,PE,NFO-OPT,2026-06-16,21625,75,0.05
500294,NFO,NIFTY2661621650CE,NIFTY,CE,NFO-OPT,2026-06-16,21650,75,0.05
500295,NFO,NIFTY2661621650PE,NIFTY,PE,NFO-OPT,2026-06-16,21650,75,0.05
500296,NFO,NIFTY2661621675CE,NIFTY,CE,NFO-OPT,2026-06-16,21675,75,0.05
500297,NFO,NIFTY2661621675PE,NIFTY,PE,NFO-OPT,2026-06-16,21675,75,0.05
500298,NFO,NIFTY2661621700CE,NIFTY,CE,NFO-OPT,2026-06-16,21700,75,0.05
500299,NFO,NIFTY2661621700PE,NIFTY,PE,NFO-OPT,2026-06-16,21700,75,0.05
500300,NFO,NIFTY2661621725CE,NIFTY,CE,NFO-OPT,2026-06-16,21725,75,0.05
500301,NFO,NIFTY2661621725PE,NIFTY,PE,NFO-OPT,2026-06-16,21725,75,0.05
500302,NFO,NIFTY2661621750CE,NIFTY,CE,NFO-OPT,2026-06-16,21750,75,0.05
500303,NFO,NIFTY2661621750PE,NIFTY,PE,NFO-OPT,2026-06-16,21750,75,0.05
500304,NFO,NIFTY2661621775CE,NIFTY,CE,NFO-OPT,2026-06-16,21775,75,0.05
500305,NFO,NIFTY2661621775PE,NIFTY,PE,NFO-OPT,2026-06-16,21775,75,0.05
500306,NFO,NIFTY2661621800CE,NIFTY,CE,NFO-OPT,2026-06-16,21800,75,0.05
500307,NFO,NIFTY2661621800PE,NIFTY,PE,NFO-OPT,2026-06-16,21800,75,0.05
500308,NFO,NIFTY2661621825CE,NIFTY,CE,NFO-OPT,2026-06-16,21825,75,0.05
500309,NFO,NIFTY2661621825PE,NIFTY,PE,NFO-OPT,2026-06-16,21825,75,0.05
500310,NFO,NIFTY2661621850CE,NIFTY,CE,NFO-OPT,2026-06-16,21850,75,0.05
500311,NFO,NIFTY2661621850PE,NIFTY,PE,NFO-OPT,2026-06-16,21850,75,0.05
500312,NFO,NIFTY2661621875CE,NIFTY,CE,NFO-OPT,2026-06-16,21875,75,0.05
500313,NFO,NIFTY2661621875PE,NIFTY,PE,NFO-OPT,2026-06-16,21875,75,0.05
500314,NFO,NIFTY2661621900CE,NIFTY,CE,NFO-OPT,2026-06-16,21900,75,0.05
500315,NFO,NIFTY2661621900PE,NIFTY,PE,NFO-OPT,2026-06-16,21900,75,0.05
500316,NFO,NIFTY2661621925CE,NIFTY,CE,NFO-OPT,2026-06-16,21925,75,0.05
500317,NFO,NIFTY2661621925PE,NIFTY,PE,NFO-OPT,2026-06-16,21925,75,0.05
500318,NFO,NIFTY2661621950CE,NIFTY,CE,NFO-OPT,2026-06-16,21950,75,0.05
500319,NFO,NIFTY2661621950PE,NIFTY,PE,NFO-OPT,2026-06-16,21950,75,0.05
500320,NFO,NIFTY2661621975CE,NIFTY,CE,NFO-OPT,2026-06-16,21975,75,0.05
500321,NFO,NIFTY2661621975PE,NIFTY,PE,NFO-OPT,2026-06-16,21975,75,0.05
500322,NFO,NIFTY2661622000CE,NIFTY,CE,NFO-OPT,2026-06-16,22000,75,0.05
500323,NFO,NIFTY2661622000PE,NIFTY,PE,NFO-OPT,2026-06-16,22000,75,0.05
500324,NFO,NIFTY2661622025CE,NIFTY,CE,NFO-OPT,2026-06-16,22025,75,0.05
500325,NFO,NIFTY2661622025PE,NIFTY,PE,NFO-OPT,2026-06-16,22025,75,0.05
500326,NFO,NIFTY2661622050CE,NIFTY,CE,NFO-OPT,2026-06-16,22050,75,0.05
500327,NFO,NIFTY2661622050PE,NIFTY,PE,NFO-OPT,2026-06-16,22050,75,0.05
500328,NFO,NIFTY2661622075CE,NIFTY,CE,NFO-OPT,2026-06-16,22075,75,0.05
500329,NFO,NIFTY2661622075PE,NIFTY,PE,NFO-OPT,2026-06-16,22075,75,0.05
500330,NFO,NIFTY2661622100CE,NIFTY,CE,NFO-OPT,2026-06-16,22100,75,0.05
500331,NFO,NIFTY2661622100PE,NIFTY,PE,NFO-OPT,2026-06-16,22100,75,0.05
500332,NFO,NIFTY2661622125CE,NIFTY,CE,NFO-OPT,2026-06-16,22125,75,0.05
500333,NFO,NIFTY2661622125PE,NIFTY,PE,NFO-OPT,2026-06-16,22125,75,0.05
500334,NFO,NIFTY2661622150CE,NIFTY,CE,NFO-OPT,2026-06-16,22150,75,0.05
500335,NFO,NIFTY2661622150PE,NIFTY,PE,NFO-OPT,2026-06-16,22150,75,0.05
500336,NFO,NIFTY2661622175CE,NIFTY,CE,NFO-OPT,2026-06-16,22175,75,0.05
500337,NFO,NIFTY2661622175PE,NIFTY,PE,NFO-OPT,2026-06-16,22175,75,0.05
500338,NFO,NIFTY2661622200CE,NIFTY,CE,NFO-OPT,2026-06-16,22200,75,0.05
500339,NFO,NIFTY2661622200PE,NIFTY,PE,NFO-OPT,2026-06-16,22200,75,0.05
500340,NFO,NIFTY2661622225CE,NIFTY,CE,NFO-OPT,2026-06-16,22225,75,0.05
500341,NFO,NIFTY2661622225PE,NIFTY,PE,NFO-OPT,2026-06-16,22225,75,0.05
500342,NFO,NIFTY2661622250CE,NIFTY,CE,NFO-OPT,2026-06-16,22250,75,0.05
500343,NFO,NIFTY2661622250PE,NIFTY,PE,NFO-OPT,2026-06-16,22250,75,0.05
500344,NFO,NIFTY2661622275CE,NIFTY,CE,NFO-OPT,2026-06-16,22275,75,0.05
500345,NFO,NIFTY2661622275PE,NIFTY,PE,NFO-OPT,2026-06-16,22275,75,0.05
500346,NFO,NIFTY2661622300CE,NIFTY,CE,NFO-OPT,2026-06-16,22300,75,0.05
500347,NFO,NIFTY2661622300PE,NIFTY,PE,NFO-OPT,2026-06-16,22300,75,0.05
500348,NFO,NIFTY2661622325CE,NIFTY,CE,NFO-OPT,2026-06-16,22325,75,0.05
500349,NFO,NIFTY2661622325PE,NIFTY,PE,NFO-OPT,2026-06-16,22325,75,0.05
500350,NFO,NIFTY2661622350CE,NIFTY,CE,NFO-OPT,2026-06-16,22350,75,0.05
500351,NFO,NIFTY2661622350PE,NIFTY,PE,NFO-OPT,2026-06-16,22350,75,0.05
500352,NFO,NIFTY2661622375CE,NIFTY,CE,NFO-OPT,2026-06-16,22375,75,0.05
500353,NFO,NIFTY2661622375PE,NIFTY,PE,NFO-OPT,2026-06-16,22375,75,0.05
500354,NFO,NIFTY2661622400CE,NIFTY,CE,NFO-OPT,2026-06-16,22400,75,0.05
500355,NFO,NIFTY2661622400PE,NIFTY,PE,NFO-OPT,2026-06-16,22400,75,0.05
500356,NFO,NIFTY2661622425CE,NIFTY,CE,NFO-OPT,2026-06-16,22425,75,0.05
500357,NFO,NIFTY2661622425PE,NIFTY,PE,NFO-OPT,2026-06-16,22425,75,0.05
500358,NFO,NIFTY2661622450CE,NIFTY,CE,NFO-OPT,2026-06-16,22450,75,0.05
500359,NFO,NIFTY2661622450PE,NIFTY,PE,NFO-OPT,2026-06-16,22450,75,0.05
500360,NFO,NIFTY2661622475CE,NIFTY,CE,NFO-OPT,2026-06-16,22475,75,0.05
500361,NFO,NIFTY2661622475PE,NIFTY,PE,NFO-OPT,2026-06-16,22475,75,0.05
500362,NFO,NIFTY2661622500CE,NIFTY,CE,NFO-OPT,2026-06-16,22500,75,0.05
500363,NFO,NIFTY2661622500PE,NIFTY,PE,NFO-OPT,2026-06-16,22500,75,0.05
500364,NFO,NIFTY2661622525CE,NIFTY,CE,NFO-OPT,2026-06-16,22525,75,0.05
500365,NFO,NIFTY2661622525PE,NIFTY,PE,NFO-OPT,2026-06-16,22525,75,0.05
500366,NFO,NIFTY2661622550CE,NIFTY,CE,NFO-OPT,2026-06-16,22550,75,0.05
500367,NFO,NIFTY2661622550PE,NIFTY,PE,NFO-OPT,2026-06-16,22550,75,0.05
500368,NFO,NIFTY2661622575CE,NIFTY,CE,NFO-OPT,2026-06-16,22575,75,0.05
500369,NFO,NIFTY2661622575PE,NIFTY,PE,NFO-OPT,2026-06-16,22575,75,0.05
500370,NFO,NIFTY2661622600CE,NIFTY,CE,NFO-OPT,2026-06-16,22600,75,0.05
500371,NFO,NIFTY2661622600PE,NIFTY,PE,NFO-OPT,2026-06-16,22600,75,0.05
500372,NFO,NIFTY2661622625CE,NIFTY,CE,NFO-OPT,2026-06-16,22625,75,0.05
500373,NFO,NIFTY2661622625PE,NIFTY,PE,NFO-OPT,2026-06-16,22625,75,0.05
500374,NFO,NIFTY2661622650CE,NIFTY,CE,NFO-OPT,2026-06-16,22650,75,0.05
500375,NFO,NIFTY2661622650PE,NIFTY,PE,NFO-OPT,2026-06-16,22650,75,0.05
500376,NFO,NIFTY2661622675CE,NIFTY,CE,NFO-OPT,2026-06-16,22675,75,0.05
500377,NFO,NIFTY2661622675PE,NIFTY,PE,NFO-OPT,2026-06-16,22675,75,0.05
500378,NFO,NIFTY2661622700CE,NIFTY,CE,NFO-OPT,2026-06-16,22700,75,0.05
500379,NFO,NIFTY2661622700PE,NIFTY,PE,NFO-OPT,2026-06-16,22700,75,0.05
500380,NFO,NIFTY2661622725CE,NIFTY,CE,NFO-OPT,2026-06-16,22725,75,0.05
500381,NFO,NIFTY2661622725PE,NIFTY,PE,NFO-OPT,2026-06-16,22725,75,0.05
500382,NFO,NIFTY2661622750CE,NIFTY,CE,NFO-OPT,2026-06-16,22750,75,0.05
500383,NFO,NIFTY2661622750PE,NIFTY,PE,NFO-OPT,2026-06-16,22750,75,0.05
500384,NFO,NIFTY2661622775CE,NIFTY,CE,NFO-OPT,2026-06-16,22775,75,0.05
500385,NFO,NIFTY2661622775PE,NIFTY,PE,NFO-OPT,2026-06-16,22775,75,0.05
500386,NFO,NIFTY2661622800CE,NIFTY,CE,NFO-OPT,2026-06-16,22800,75,0.05
500387,NFO,NIFTY2661622800PE,NIFTY,PE,NFO-OPT,2026-06-16,22800,75,0.05
500388,NFO,NIFTY2661622825CE,NIFTY,CE,NFO-OPT,2026-06-16,22825,75,0.05
500389,NFO,NIFTY2661622825PE,NIFTY,PE,NFO-OPT,2026-06-16,22825,75,0.05
500390,NFO,NIFTY2661622850CE,NIFTY,CE,NFO-OPT,2026-06-16,22850,75,0.05
500391,NFO,NIFTY2661622850PE,NIFTY,PE,NFO-OPT,2026-06-16,22850,75,0.05
500392,NFO,NIFTY2661622875CE,NIFTY,CE,NFO-OPT,2026-06-16,22875,75,0.05
500393,NFO,NIFTY2661622875PE,NIFTY,PE,NFO-OPT,2026-06-16,22875,75,0.05
500394,NFO,NIFTY2661622900CE,NIFTY,CE,NFO-OPT,2026-06-16,22900,75,0.05
500395,NFO,NIFTY2661622900PE,NIFTY,PE,NFO-OPT,2026-06-16,22900,75,0.05
500396,NFO,NIFTY2661622925CE,NIFTY,CE,NFO-OPT,2026-06-16,22925,75,0.05
500397,NFO,NIFTY2661622925PE,NIFTY,PE,NFO-OPT,2026-06-16,22925,75,0.05
500398,NFO,NIFTY2661622950CE,NIFTY,CE,NFO-OPT,2026-06-16,22950,75,0.05
500399,NFO,NIFTY2661622950PE,NIFTY,PE,NFO-OPT,2026-06-16,22950,75,0.05
500400,NFO,NIFTY2661622975CE,NIFTY,CE,NFO-OPT,2026-06-16,22975,75,0.05
500401,NFO,NIFTY2661622975PE,NIFTY,PE,NFO-OPT,2026-06-16,22975,75,0.05
500402,NFO,NIFTY2661623000CE,NIFTY,CE,NFO-OPT,2026-06-16,23000,75,0.05
500403,NFO,NIFTY2661623000PE,NIFTY,PE,NFO-OPT,2026-06-16,23000,75,0.05
500404,NFO,NIFTY2661623025CE,NIFTY,CE,NFO-OPT,2026-06-16,23025,75,0.05
500405,NFO,NIFTY2661623025PE,NIFTY,PE,NFO-OPT,2026-06-16,23025,75,0.05
500406,NFO,NIFTY2661623050CE,NIFTY,CE,NFO-OPT,2026-06-16,23050,75,0.05
500407,NFO,NIFTY2661623050PE,NIFTY,PE,NFO-OPT,2026-06-16,23050,75,0.05
500408,NFO,NIFTY2661623075CE,NIFTY,CE,NFO-OPT,2026-06-16,23075,75,0.05
500409,NFO,NIFTY2661623075PE,NIFTY,PE,NFO-OPT,2026-06-16,23075,75,0.05
500410,NFO,NIFTY2661623100CE,NIFTY,CE,NFO-OPT,2026-06-16,23100,75,0.05
500411,NFO,NIFTY2661623100PE,NIFTY,PE,NFO-OPT,2026-06-16,23100,75,0.05
500412,NFO,NIFTY2661623125CE,NIFTY,CE,NFO-OPT,2026-06-16,23125,75,0.05
500413,NFO,NIFTY2661623125PE,NIFTY,PE,NFO-OPT,2026-06-16,23125,75,0.05
500414,NFO,NIFTY2661623150CE,NIFTY,CE,NFO-OPT,2026-06-16,23150,75,0.05
500415,NFO,NIFTY2661623150PE,NIFTY,PE,NFO-OPT,2026-06-16,23150,75,0.05
500416,NFO,NIFTY2661623175CE,NIFTY,CE,NFO-OPT,2026-06-16,23175,75,0.05
500417,NFO,NIFTY2661623175PE,NIFTY,PE,NFO-OPT,2026-06-16,23175,75,0.05
500418,NFO,NIFTY2661623200CE,NIFTY,CE,NFO-OPT,2026-06-16,23200,75,0.05
500419,NFO,NIFTY2661623200PE,NIFTY,PE,NFO-OPT,2026-06-16,23200,75,0.05
500420,NFO,NIFTY2661623225CE,NIFTY,CE,NFO-OPT,2026-06-16,23225,75,0.05
500421,NFO,NIFTY2661623225PE,NIFTY,PE,NFO-OPT,2026-06-16,23225,75,0.05
500422,NFO,NIFTY2661623250CE,NIFTY,CE,NFO-OPT,2026-06-16,23250,75,0.05
500423,NFO,NIFTY2661623250PE,NIFTY,PE,NFO-OPT,2026-06-16,23250,75,0.05
500424,NFO,NIFTY2661623275CE,NIFTY,CE,NFO-OPT,2026-06-16,23275,75,0.05
500425,NFO,NIFTY2661623275PE,NIFTY,PE,NFO-OPT,2026-06-16,23275,75,0.05
500426,NFO,NIFTY2661623300CE,NIFTY,CE,NFO-OPT,2026-06-16,23300,75,0.05
500427,NFO,NIFTY2661623300PE,NIFTY,PE,NFO-OPT,2026-06-16,23300,75,0.05
500428,NFO,NIFTY2661623325CE,NIFTY,CE,NFO-OPT,2026-06-16,23325,75,0.05
500429,NFO,NIFTY2661623325PE,NIFTY,PE,NFO-OPT,2026-06-16,23325,75,0.05
500430,NFO,NIFTY2661623350CE,NIFTY,CE,NFO-OPT,2026-06-16,23350,75,0.05
500431,NFO,NIFTY2661623350PE,NIFTY,PE,NFO-OPT,2026-06-16,23350,75,0.05
500432,NFO,NIFTY2661623375CE,NIFTY,CE,NFO-OPT,2026-06-16,23375,75,0.05
500433,NFO,NIFTY2661623375PE,NIFTY,PE,NFO-OPT,2026-06-16,23375,75,0.05
500434,NFO,NIFTY2661623400CE,NIFTY,CE,NFO-OPT,2026-06-16,23400,75,0.05
500435,NFO,NIFTY2661623400PE,NIFTY,PE,NFO-OPT,2026-06-16,23400,75,0.05
500436,NFO,NIFTY2661623425CE,NIFTY,CE,NFO-OPT,2026-06-16,23425,75,0.05
500437,NFO,NIFTY2661623425PE,NIFTY,PE,NFO-OPT,2026-06-16,23425,75,0.05
500438,NFO,NIFTY2661623450CE,NIFTY,CE,NFO-OPT,2026-06-16,23450,75,0.05
500439,NFO,NIFTY2661623450PE,NIFTY,PE,NFO-OPT,2026-06-16,23450,75,0.05
500440,NFO,NIFTY2661623475CE,NIFTY,CE,NFO-OPT,2026-06-16,23475,75,0.05
500441,NFO,NIFTY2661623475PE,NIFTY,PE,NFO-OPT,2026-06-16,23475,75,0.05
500442,NFO,NIFTY2661623500CE,NIFTY,CE,NFO-OPT,2026-06-16,23500,75,0.05
500443,NFO,NIFTY2661623500PE,NIFTY,PE,NFO-OPT,2026-06-16,23500,75,0.05
500444,NFO,NIFTY2661623525CE,NIFTY,CE,NFO-OPT,2026-06-16,23525,75,0.05
500445,NFO,NIFTY2661623525PE,NIFTY,PE,NFO-OPT,2026-06-16,23525,75,0.05
500446,NFO,NIFTY2661623550CE,NIFTY,CE,NFO-OPT,2026-06-16,23550,75,0.05
500447,NFO,NIFTY2661623550PE,NIFTY,PE,NFO-OPT,2026-06-16,23550,75,0.05
500448,NFO,NIFTY2661623575CE,NIFTY,CE,NFO-OPT,2026-06-16,23575,75,0.05
500449,NFO,NIFTY2661623575PE,NIFTY,PE,NFO-OPT,2026-06-16,23575,75,0.05
500450,NFO,NIFTY2661623600CE,NIFTY,CE,NFO-OPT,2026-06-16,23600,75,0.05
500451,NFO,NIFTY2661623600PE,NIFTY,PE,NFO-OPT,2026-06-16,23600,75,0.05
500452,NFO,NIFTY2661623625CE,NIFTY,CE,NFO-OPT,2026-06-16,23625,75,0.05
500453,NFO,NIFTY2661623625PE,NIFTY,PE,NFO-OPT,2026-06-16,23625,75,0.05
500454,NFO,NIFTY2661623650CE,NIFTY,CE,NFO-OPT,2026-06-16,23650,75,0.05
500455,NFO,NIFTY2661623650PE,NIFTY,PE,NFO-OPT,2026-06-16,23650,75,0.05
500456,NFO,NIFTY2661623675CE,NIFTY,CE,NFO-OPT,2026-06-16,23675,75,0.05
500457,NFO,NIFTY2661623675PE,NIFTY,PE,NFO-OPT,2026-06-16,23675,75,0.05
500458,NFO,NIFTY2661623700CE,NIFTY,CE,NFO-OPT,2026-06-16,23700,75,0.05
500459,NFO,NIFTY2661623700PE,NIFTY,PE,NFO-OPT,2026-06-16,23700,75,0.05
500460,NFO,NIFTY2661623725CE,NIFTY,CE,NFO-OPT,2026-06-16,23725,75,0.05
500461,NFO,NIFTY2661623725PE,NIFTY,PE,NFO-OPT,2026-06-16,23725,75,0.05
500462,NFO,NIFTY2661623750CE,NIFTY,CE,NFO-OPT,2026-06-16,23750,75,0.05
500463,NFO,NIFTY2661623750PE,NIFTY,PE,NFO-OPT,2026-06-16,23750,75,0.05
500464,NFO,NIFTY2661623775CE,NIFTY,CE,NFO-OPT,2026-06-16,23775,75,0.05
500465,NFO,NIFTY2661623775PE,NIFTY,PE,NFO-OPT,2026-06-16,23775,75,0.05
500466,NFO,NIFTY2661623800CE,NIFTY,CE,NFO-OPT,2026-06-16,23800,75,0.05
500467,NFO,NIFTY2661623800PE,NIFTY,PE,NFO-OPT,2026-06-16,23800,75,0.05
500468,NFO,NIFTY2661623825CE,NIFTY,CE,NFO-OPT,2026-06-16,23825,75,0.05
500469,NFO,NIFTY2661623825PE,NIFTY,PE,NFO-OPT,2026-06-16,23825,75,0.05
500470,NFO,NIFTY2661623850CE,NIFTY,CE,NFO-OPT,2026-06-16,23850,75,0.05
500471,NFO,NIFTY2661623850PE,NIFTY,PE,NFO-OPT,2026-06-16,23850,75,0.05
500472,NFO,NIFTY2661623875CE,NIFTY,CE,NFO-OPT,2026-06-16,23875,75,0.05
500473,NFO,NIFTY2661623875PE,NIFTY,PE,NFO-OPT,2026-06-16,23875,75,0.05
500474,NFO,NIFTY2661623900CE,NIFTY,CE,NFO-OPT,2026-06-16,23900,75,0.05
500475,NFO,NIFTY2661623900PE,NIFTY,PE,NFO-OPT,2026-06-16,23900,75,0.05
500476,NFO,NIFTY2661623925CE,NIFTY,CE,NFO-OPT,2026-06-16,23925,75,0.05
500477,NFO,NIFTY2661623925PE,NIFTY,PE,NFO-OPT,2026-06-16,23925,75,0.05
500478,NFO,NIFTY2661623950CE,NIFTY,CE,NFO-OPT,2026-06-16,23950,75,0.05
500479,NFO,NIFTY2661623950PE,NIFTY,PE,NFO-OPT,2026-06-16,23950,75,0.05
500480,NFO,NIFTY2661623975CE,NIFTY,CE,NFO-OPT,2026-06-16,23975,75,0.05
500481,NFO,NIFTY2661623975PE,NIFTY,PE,NFO-OPT,2026-06-16,23975,75,0.05
500482,NFO,NIFTY2661624000CE,NIFTY,CE,NFO-OPT,2026-06-16,24000,75,0.05
500483,NFO,NIFTY2661624000PE,NIFTY,PE,NFO-OPT,2026-06-16,24000,75,0.05
500484,NFO,NIFTY2661624025CE,NIFTY,CE,NFO-OPT,2026-06-16,24025,75,0.05
500485,NFO,NIFTY2661624025PE,NIFTY,PE,NFO-OPT,2026-06-16,24025,75,0.05
500486,NFO,NIFTY2661624050CE,NIFTY,CE,NFO-OPT,2026-06-16,24050,75,0.05
500487,NFO,NIFTY2661624050PE,NIFTY,PE,NFO-OPT,2026-06-16,24050,75,0.05
500488,NFO,NIFTY2661624075CE,NIFTY,CE,NFO-OPT,2026-06-16,24075,75,0.05
500489,NFO,NIFTY2661624075PE,NIFTY,PE,NFO-OPT,2026-06-16,24075,75,0.05
500490,NFO,NIFTY2661624100CE,NIFTY,CE,NFO-OPT,2026-06-16,24100,75,0.05
500491,NFO,NIFTY2661624100PE,NIFTY,PE,NFO-OPT,2026-06-16,24100,75,0.05
500492,NFO,NIFTY2661624125CE,NIFTY,CE,NFO-OPT,2026-06-16,24125,75,0.05
500493,NFO,NIFTY2661624125PE,NIFTY,PE,NFO-OPT,2026-06-16,24125,75,0.05
500494,NFO,NIFTY2661624150CE,NIFTY,CE,NFO-OPT,2026-06-16,24150,75,0.05
500495,NFO,NIFTY2661624150PE,NIFTY,PE,NFO-OPT,2026-06-16,24150,75,0.05
500496,NFO,NIFTY2661624175CE,NIFTY,CE,NFO-OPT,2026-06-16,24175,75,0.05
500497,NFO,NIFTY2661624175PE,NIFTY,PE,NFO-OPT,2026-06-16,24175,75,0.05
500498,NFO,NIFTY2661624200CE,NIFTY,CE,NFO-OPT,2026-06-16,24200,75,0.05
500499,NFO,NIFTY2661624200PE,NIFTY,PE,NFO-OPT,2026-06-16,24200,75,0.05
500500,NFO,NIFTY2661624225CE,NIFTY,CE,NFO-OPT,2026-06-16,24225,75,0.05
500501,NFO,NIFTY2661624225PE,NIFTY,PE,NFO-OPT,2026-06-16,24225,75,0.05
500502,NFO,NIFTY2661624250CE,NIFTY,CE,NFO-OPT,2026-06-16,24250,75,0.05
500503,NFO,NIFTY2661624250PE,NIFTY,PE,NFO-OPT,2026-06-16,24250,75,0.05
500504,NFO,NIFTY2661624275CE,NIFTY,CE,NFO-OPT,2026-06-16,24275,75,0.05
500505,NFO,NIFTY2661624275PE,NIFTY,PE,NFO-OPT,2026-06-16,24275,75,0.05
500506,NFO,NIFTY2661624300CE,NIFTY,CE,NFO-OPT,2026-06-16,24300,75,0.05
500507,NFO,NIFTY2661624300PE,NIFTY,PE,NFO-OPT,2026-06-16,24300,75,0.05
500508,NFO,NIFTY2661624325CE,NIFTY,CE,NFO-OPT,2026-06-16,24325,75,0.05
500509,NFO,NIFTY2661624325PE,NIFTY,PE,NFO-OPT,2026-06-16,24325,75,0.05
500510,NFO,NIFTY2661624350CE,NIFTY,CE,NFO-OPT,2026-06-16,24350,75,0.05
500511,NFO,NIFTY2661624350PE,NIFTY,PE,NFO-OPT,2026-06-16,24350,75,0.05
500512,NFO,NIFTY2661624375CE,NIFTY,CE,NFO-OPT,2026-06-16,24375,75,0.05
500513,NFO,NIFTY2661624375PE,NIFTY,PE,NFO-OPT,2026-06-16,24375,75,0.05
500514,NFO,NIFTY2661624400CE,NIFTY,CE,NFO-OPT,2026-06-16,24400,75,0.05
500515,NFO,NIFTY2661624400PE,NIFTY,PE,NFO-OPT,2026-06-16,24400,75,0.05
500516,NFO,NIFTY2661624425CE,NIFTY,CE,NFO-OPT,2026-06-16,24425,75,0.05
500517,NFO,NIFTY2661624425PE,NIFTY,PE,NFO-OPT,2026-06-16,24425,75,0.05
500518,NFO,NIFTY2661624450CE,NIFTY,CE,NFO-OPT,2026-06-16,24450,75,0.05
500519,NFO,NIFTY2661624450PE,NIFTY,PE,NFO-OPT,2026-06-16,24450,75,0.05
500520,NFO,NIFTY2661624475CE,NIFTY,CE,NFO-OPT,2026-06-16,24475,75,0.05
500521,NFO,NIFTY2661624475PE,NIFTY,PE,NFO-OPT,2026-06-16,24475,75,0.05
500522,NFO,NIFTY2661624500CE,NIFTY,CE,NFO-OPT,2026-06-16,24500,75,0.05
500523,NFO,NIFTY2661624500PE,NIFTY,PE,NFO-OPT,2026-06-16,24500,75,0.05
500524,NFO,NIFTY2661624525CE,NIFTY,CE,NFO-OPT,2026-06-16,24525,75,0.05
500525,NFO,NIFTY2661624525PE,NIFTY,PE,NFO-OPT,2026-06-16,24525,75,0.05
500526,NFO,NIFTY2661624550CE,NIFTY,CE,NFO-OPT,2026-06-16,24550,75,0.05
500527,NFO,NIFTY2661624550PE,NIFTY,PE,NFO-OPT,2026-06-16,24550,75,0.05
500528,NFO,NIFTY2661624575CE,NIFTY,CE,NFO-OPT,2026-06-16,24575,75,0.05
500529,NFO,NIFTY2661624575PE,NIFTY,PE,NFO-OPT,2026-06-16,24575,75,0.05
500530,NFO,NIFTY2661624600CE,NIFTY,CE,NFO-OPT,2026-06-16,24600,75,0.05
500531,NFO,NIFTY2661624600PE,NIFTY,PE,NFO-OPT,2026-06-16,24600,75,0.05
500532,NFO,NIFTY2661624625CE,NIFTY,CE,NFO-OPT,2026-06-16,24625,75,0.05
500533,NFO,NIFTY2661624625PE,NIFTY,PE,NFO-OPT,2026-06-16,24625,75,0.05
500534,NFO,NIFTY2661624650CE,NIFTY,CE,NFO-OPT,2026-06-16,24650,75,0.05
500535,NFO,NIFTY2661624650PE,NIFTY,PE,NFO-OPT,2026-06-16,24650,75,0.05
500536,NFO,NIFTY2661624675CE,NIFTY,CE,NFO-OPT,2026-06-16,24675,75,0.05
500537,NFO,NIFTY2661624675PE,NIFTY,PE,NFO-OPT,2026-06-16,24675,75,0.05
500538,NFO,NIFTY2661624700CE,NIFTY,CE,NFO-OPT,2026-06-16,24700,75,0.05
500539,NFO,NIFTY2661624700PE,NIFTY,PE,NFO-OPT,2026-06-16,24700,75,0.05
500540,NFO,NIFTY2661624725CE,NIFTY,CE,NFO-OPT,2026-06-16,24725,75,0.05
500541,NFO,NIFTY2661624725PE,NIFTY,PE,NFO-OPT,2026-06-16,24725,75,0.05
500542,NFO,NIFTY2661624750CE,NIFTY,CE,NFO-OPT,2026-06-16,24750,75,0.05
500543,NFO,NIFTY2661624750PE,NIFTY,PE,NFO-OPT,2026-06-16,24750,75,0.05
500544,NFO,NIFTY2661624775CE,NIFTY,CE,NFO-OPT,2026-06-16,24775,75,0.05
500545,NFO,NIFTY2661624775PE,NIFTY,PE,NFO-OPT,2026-06-16,24775,75,0.05
500546,NFO,NIFTY2661624800CE,NIFTY,CE,NFO-OPT,2026-06-16,24800,75,0.05
500547,NFO,NIFTY2661624800PE,NIFTY,PE,NFO-OPT,2026-06-16,24800,75,0.05
500548,NFO,NIFTY2661624825CE,NIFTY,CE,NFO-OPT,2026-06-16,24825,75,0.05
500549,NFO,NIFTY2661624825PE,NIFTY,PE,NFO-OPT,2026-06-16,24825,75,0.05
500550,NFO,NIFTY2661624850CE,NIFTY,CE,NFO-OPT,2026-06-16,24850,75,0.05
500551,NFO,NIFTY2661624850PE,NIFTY,PE,NFO-OPT,2026-06-16,24850,75,0.05
500552,NFO,NIFTY2661624875CE,NIFTY,CE,NFO-OPT,2026-06-16,24875,75,0.05
500553,NFO,NIFTY2661624875PE,NIFTY,PE,NFO-OPT,2026-06-16,24875,75,0.05
500554,NFO,NIFTY2661624900CE,NIFTY,CE,NFO-OPT,2026-06-16,24900,75,0.05
500555,NFO,NIFTY2661624900PE,NIFTY,PE,NFO-OPT,2026-06-16,24900,75,0.05
500556,NFO,NIFTY2661624925CE,NIFTY,CE,NFO-OPT,2026-06-16,24925,75,0.05
500557,NFO,NIFTY2661624925PE,NIFTY,PE,NFO-OPT,2026-06-16,24925,75,0.05
500558,NFO,NIFTY2661624950CE,NIFTY,CE,NFO-OPT,2026-06-16,24950,75,0.05
500559,NFO,NIFTY2661624950PE,NIFTY,PE,NFO-OPT,2026-06-16,24950,75,0.05
500560,NFO,NIFTY2661624975CE,NIFTY,CE,NFO-OPT,2026-06-16,24975,75,0.05
500561,NFO,NIFTY2661624975PE,NIFTY,PE,NFO-OPT,2026-06-16,24975,75,0.05
500562,NFO,NIFTY2661625000CE,NIFTY,CE,NFO-OPT,2026-06-16,25000,75,0.05
500563,NFO,NIFTY2661625000PE,NIFTY,PE,NFO-OPT,2026-06-16,25000,75,0.05
500564,NFO,NIFTY2661625025CE,NIFTY,CE,NFO-OPT,2026-06-16,25025,75,0.05
500565,NFO,NIFTY2661625025PE,NIFTY,PE,NFO-OPT,2026-06-16,25025,75,0.05
500566,NFO,NIFTY2661625050CE,NIFTY,CE,NFO-OPT,2026-06-16,25050,75,0.05
500567,NFO,NIFTY2661625050PE,NIFTY,PE,NFO-OPT,2026-06-16,25050,75,0.05
500568,NFO,NIFTY2661625075CE,NIFTY,CE,NFO-OPT,2026-06-16,25075,75,0.05
500569,NFO,NIFTY2661625075PE,NIFTY,PE,NFO-OPT,2026-06-16,25075,75,0.05
500570,NFO,NIFTY2661625100CE,NIFTY,CE,NFO-OPT,2026-06-16,25100,75,0.05
500571,NFO,NIFTY2661625100PE,NIFTY,PE,NFO-OPT,2026-06-16,25100,75,0.05
500572,NFO,NIFTY2661625125CE,NIFTY,CE,NFO-OPT,2026-06-16,25125,75,0.05
500573,NFO,NIFTY2661625125PE,NIFTY,PE,NFO-OPT,2026-06-16,25125,75,0.05
500574,NFO,NIFTY2661625150CE,NIFTY,CE,NFO-OPT,2026-06-16,25150,75,0.05
500575,NFO,NIFTY2661625150PE,NIFTY,PE,NFO-OPT,2026-06-16,25150,75,0.05
500576,NFO,NIFTY2661625175CE,NIFTY,CE,NFO-OPT,2026-06-16,25175,75,0.05
500577,NFO,NIFTY2661625175PE,NIFTY,PE,NFO-OPT,2026-06-16,25175,75,0.05
500578,NFO,NIFTY2661625200CE,NIFTY,CE,NFO-OPT,2026-06-16,25200,75,0.05
500579,NFO,NIFTY2661625200PE,NIFTY,PE,NFO-OPT,2026-06-16,25200,75,0.05
500580,NFO,NIFTY2661625225CE,NIFTY,CE,NFO-OPT,2026-06-16,25225,75,0.05
500581,NFO,NIFTY2661625225PE,NIFTY,PE,NFO-OPT,2026-06-16,25225,75,0.05
500582,NFO,NIFTY2661625250CE,NIFTY,CE,NFO-OPT,2026-06-16,25250,75,0.05
500583,NFO,NIFTY2661625250PE,NIFTY,PE,NFO-OPT,2026-06-16,25250,75,0.05
500584,NFO,NIFTY2661625275CE,NIFTY,CE,NFO-OPT,2026-06-16,25275,75,0.05
500585,NFO,NIFTY2661625275PE,NIFTY,PE,NFO-OPT,2026-06-16,25275,75,0.05
500586,NFO,NIFTY2661625300CE,NIFTY,CE,NFO-OPT,2026-06-16,25300,75,0.05
500587,NFO,NIFTY2661625300PE,NIFTY,PE,NFO-OPT,2026-06-16,25300,75,0.05
500588,NFO,NIFTY2661625325CE,NIFTY,CE,NFO-OPT,2026-06-16,25325,75,0.05
500589,NFO,NIFTY2661625325PE,NIFTY,PE,NFO-OPT,2026-06-16,25325,75,0.05
500590,NFO,NIFTY2661625350CE,NIFTY,CE,NFO-OPT,2026-06-16,25350,75,0.05
500591,NFO,NIFTY2661625350PE,NIFTY,PE,NFO-OPT,2026-06-16,25350,75,0.05
500592,NFO,NIFTY2661625375CE,NIFTY,CE,NFO-OPT,2026-06-16,25375,75,0.05
500593,NFO,NIFTY2661625375PE,NIFTY,PE,NFO-OPT,2026-06-16,25375,75,0.05
500594,NFO,NIFTY2661625400CE,NIFTY,CE,NFO-OPT,2026-06-16,25400,75,0.05
500595,NFO,NIFTY2661625400PE,NIFTY,PE,NFO-OPT,2026-06-16,25400,75,0.05
500596,NFO,NIFTY2661625425CE,NIFTY,CE,NFO-OPT,2026-06-16,25425,75,0.05
500597,NFO,NIFTY2661625425PE,NIFTY,PE,NFO-OPT,2026-06-16,25425,75,0.05
500598,NFO,NIFTY2661625450CE,NIFTY,CE,NFO-OPT,2026-06-16,25450,75,0.05
500599,NFO,NIFTY2661625450PE,NIFTY,PE,NFO-OPT,2026-06-16,25450,75,0.05
500600,NFO,NIFTY2661625475CE,NIFTY,CE,NFO-OPT,2026-06-16,25475,75,0.05
500601,NFO,NIFTY2661625475PE,NIFTY,PE,NFO-OPT,2026-06-16,25475,75,0.05
500602,NFO,NIFTY2661625500CE,NIFTY,CE,NFO-OPT,2026-06-16,25500,75,0.05
500603,NFO,NIFTY2661625500PE,NIFTY,PE,NFO-OPT,2026-06-16,25500,75,0.05
500604,NFO,NIFTY2661625525CE,NIFTY,CE,NFO-OPT,2026-06-16,25525,75,0.05
500605,NFO,NIFTY2661625525PE,NIFTY,PE,NFO-OPT,2026-06-16,25525,75,0.05
500606,NFO,NIFTY2661625550CE,NIFTY,CE,NFO-OPT,2026-06-16,25550,75,0.05
500607,NFO,NIFTY2661625550PE,NIFTY,PE,NFO-OPT,2026-06-16,25550,75,0.05
500608,NFO,NIFTY2661625575CE,NIFTY,CE,NFO-OPT,2026-06-16,25575,75,0.05
500609,NFO,NIFTY2661625575PE,NIFTY,PE,NFO-OPT,2026-06-16,25575,75,0.05
500610,NFO,NIFTY2661625600CE,NIFTY,CE,NFO-OPT,2026-06-16,25600,75,0.05
500611,NFO,NIFTY2661625600PE,NIFTY,PE,NFO-OPT,2026-06-16,25600,75,0.05
500612,NFO,NIFTY2661625625CE,NIFTY,CE,NFO-OPT,2026-06-16,25625,75,0.05
500613,NFO,NIFTY2661625625PE,NIFTY,PE,NFO-OPT,2026-06-16,25625,75,0.05
500614,NFO,NIFTY2661625650CE,NIFTY,CE,NFO-OPT,2026-06-16,25650,75,0.05
500615,NFO,NIFTY2661625650PE,NIFTY,PE,NFO-OPT,2026-06-16,25650,75,0.05
500616,NFO,NIFTY2661625675CE,NIFTY,CE,NFO-OPT,2026-06-16,25675,75,0.05
500617,NFO,NIFTY2661625675PE,NIFTY,PE,NFO-OPT,2026-06-16,25675,75,0.05
500618,NFO,NIFTY2661625700CE,NIFTY,CE,NFO-OPT,2026-06-16,25700,75,0.05
500619,NFO,NIFTY2661625700PE,NIFTY,PE,NFO-OPT,2026-06-16,25700,75,0.05
500620,NFO,NIFTY2661625725CE,NIFTY,CE,NFO-OPT,2026-06-16,25725,75,0.05
500621,NFO,NIFTY2661625725PE,NIFTY,PE,NFO-OPT,2026-06-16,25725,75,0.05
500622,NFO,NIFTY2661625750CE,NIFTY,CE,NFO-OPT,2026-06-16,25750,75,0.05
500623,NFO,NIFTY2661625750PE,NIFTY,PE,NFO-OPT,2026-06-16,25750,75,0.05
500624,NFO,NIFTY2661625775CE,NIFTY,CE,NFO-OPT,2026-06-16,25775,75,0.05
500625,NFO,NIFTY2661625775PE,NIFTY,PE,NFO-OPT,2026-06-16,25775,75,0.05
500626,NFO,NIFTY2661625800CE,NIFTY,CE,NFO-OPT,2026-06-16,25800,75,0.05
500627,NFO,NIFTY2661625800PE,NIFTY,PE,NFO-OPT,2026-06-16,25800,75,0.05
500628,NFO,NIFTY2661625825CE,NIFTY,CE,NFO-OPT,2026-06-16,25825,75,0.05
500629,NFO,NIFTY2661625825PE,NIFTY,PE,NFO-OPT,2026-06-16,25825,75,0.05
500630,NFO,NIFTY2661625850CE,NIFTY,CE,NFO-OPT,2026-06-16,25850,75,0.05
500631,NFO,NIFTY2661625850PE,NIFTY,PE,NFO-OPT,2026-06-16,25850,75,0.05
500632,NFO,NIFTY2661625875CE,NIFTY,CE,NFO-OPT,2026-06-16,25875,75,0.05
500633,NFO,NIFTY2661625875PE,NIFTY,PE,NFO-OPT,2026-06-16,25875,75,0.05
500634,NFO,NIFTY2661625900CE,NIFTY,CE,NFO-OPT,2026-06-16,25900,75,0.05
500635,NFO,NIFTY2661625900PE,NIFTY,PE,NFO-OPT,2026-06-16,25900,75,0.05
500636,NFO,NIFTY2661625925CE,NIFTY,CE,NFO-OPT,2026-06-16,25925,75,0.05
500637,NFO,NIFTY2661625925PE,NIFTY,PE,NFO-OPT,2026-06-16,25925,75,0.05
500638,NFO,NIFTY2661625950CE,NIFTY,CE,NFO-OPT,2026-06-16,25950,75,0.05
500639,NFO,NIFTY2661625950PE,NIFTY,PE,NFO-OPT,2026-06-16,25950,75,0.05
500640,NFO,NIFTY2661625975CE,NIFTY,CE,NFO-OPT,2026-06-16,25975,75,0.05
500641,NFO,NIFTY2661625975PE,NIFTY,PE,NFO-OPT,2026-06-16,25975,75,0.05
500642,NFO,NIFTY2661626000CE,NIFTY,CE,NFO-OPT,2026-06-16,26000,75,0.05
500643,NFO,NIFTY2661626000PE,NIFTY,PE,NFO-OPT,2026-06-16,26000,75,0.05
500644,NFO,NIFTY2661626025CE,NIFTY,CE,NFO-OPT,2026-06-16,26025,75,0.05
500645,NFO,NIFTY2661626025PE,NIFTY,PE,NFO-OPT,2026-06-16,26025,75,0.05
500646,NFO,NIFTY2661626050CE,NIFTY,CE,NFO-OPT,2026-06-16,26050,75,0.05
500647,NFO,NIFTY2661626050PE,NIFTY,PE,NFO-OPT,2026-06-16,26050,75,0.05
500648,NFO,NIFTY2661626075CE,NIFTY,CE,NFO-OPT,2026-06-16,26075,75,0.05
500649,NFO,NIFTY2661626075PE,NIFTY,PE,NFO-OPT,2026-06-16,26075,75,0.05
500650,NFO,NIFTY2661626100CE,NIFTY,CE,NFO-OPT,2026-06-16,26100,75,0.05
500651,NFO,NIFTY2661626100PE,NIFTY,PE,NFO-OPT,2026-06-16,26100,75,0.05
500652,NFO,NIFTY2661626125CE,NIFTY,CE,NFO-OPT,2026-06-16,26125,75,0.05
500653,NFO,NIFTY2661626125PE,NIFTY,PE,NFO-OPT,2026-06-16,26125,75,0.05
500654,NFO,NIFTY2661626150CE,NIFTY,CE,NFO-OPT,2026-06-16,26150,75,0.05
500655,NFO,NIFTY2661626150PE,NIFTY,PE,NFO-OPT,2026-06-16,26150,75,0.05
500656,NFO,NIFTY2661626175CE,NIFTY,CE,NFO-OPT,2026-06-16,26175,75,0.05
500657,NFO,NIFTY2661626175PE,NIFTY,PE,NFO-OPT,2026-06-16,26175,75,0.05
500658,NFO,NIFTY2661626200CE,NIFTY,CE,NFO-OPT,2026-06-16,26200,75,0.05
500659,NFO,NIFTY2661626200PE,NIFTY,PE,NFO-OPT,2026-06-16,26200,75,0.05
500660,NFO,NIFTY2661626225CE,NIFTY,CE,NFO-OPT,2026-06-16,26225,75,0.05
500661,NFO,NIFTY2661626225PE,NIFTY,PE,NFO-OPT,2026-06-16,26225,75,0.05
500662,NFO,NIFTY2661626250CE,NIFTY,CE,NFO-OPT,2026-06-16,26250,75,0.05
500663,NFO,NIFTY2661626250PE,NIFTY,PE,NFO-OPT,2026-06-16,26250,75,0.05
500664,NFO,NIFTY2661626275CE,NIFTY,CE,NFO-OPT,2026-06-16,26275,75,0.05
500665,NFO,NIFTY2661626275PE,NIFTY,PE,NFO-OPT,2026-06-16,26275,75,0.05
500666,NFO,NIFTY2661626300CE,NIFTY,CE,NFO-OPT,2026-06-16,26300,75,0.05
500667,NFO,NIFTY2661626300PE,NIFTY,PE,NFO-OPT,2026-06-16,26300,75,0.05
500668,NFO,NIFTY2661626325CE,NIFTY,CE,NFO-OPT,2026-06-16,26325,75,0.05
500669,NFO,NIFTY2661626325PE,NIFTY,PE,NFO-OPT,2026-06-16,26325,75,0.05
500670,NFO,NIFTY2661626350CE,NIFTY,CE,NFO-OPT,2026-06-16,26350,75,0.05
500671,NFO,NIFTY2661626350PE,NIFTY,PE,NFO-OPT,2026-06-16,26350,75,0.05
500672,NFO,NIFTY2661626375CE,NIFTY,CE,NFO-OPT,2026-06-16,26375,75,0.05
500673,NFO,NIFTY2661626375PE,NIFTY,PE,NFO-OPT,2026-06-16,26375,75,0.05
500674,NFO,NIFTY2661626400CE,NIFTY,CE,NFO-OPT,2026-06-16,26400,75,0.05
500675,NFO,NIFTY2661626400PE,NIFTY,PE,NFO-OPT,2026-06-16,26400,75,0.05
500676,NFO,NIFTY2661626425CE,NIFTY,CE,NFO-OPT,2026-06-16,26425,75,0.05
500677,NFO,NIFTY2661626425PE,NIFTY,PE,NFO-OPT,2026-06-16,26425,75,0.05
500678,NFO,NIFTY2661626450CE,NIFTY,CE,NFO-OPT,2026-06-16,26450,75,0.05
500679,NFO,NIFTY2661626450PE,NIFTY,PE,NFO-OPT,2026-06-16,26450,75,0.05
500680,NFO,NIFTY2661626475CE,NIFTY,CE,NFO-OPT,2026-06-16,26475,75,0.05
500681,NFO,NIFTY2661626475PE,NIFTY,PE,NFO-OPT,2026-06-16,26475,75,0.05
500682,NFO,NIFTY2661626500CE,NIFTY,CE,NFO-OPT,2026-06-16,26500,75,0.05
500683,NFO,NIFTY2661626500PE,NIFTY,PE,NFO-OPT,2026-06-16,26500,75,0.05
500684,NFO,NIFTY2661626525CE,NIFTY,CE,NFO-OPT,2026-06-16,26525,75,0.05
500685,NFO,NIFTY2661626525PE,NIFTY,PE,NFO-OPT,2026-06-16,26525,75,0.05
500686,NFO,NIFTY2661626550CE,NIFTY,CE,NFO-OPT,2026-06-16,26550,75,0.05
500687,NFO,NIFTY2661626550PE,NIFTY,PE,NFO-OPT,2026-06-16,26550,75,0.05
500688,NFO,NIFTY2661626575CE,NIFTY,CE,NFO-OPT,2026-06-16,26575,75,0.05
500689,NFO,NIFTY2661626575PE,NIFTY,PE,NFO-OPT,2026-06-16,26575,75,0.05
500690,NFO,NIFTY2661626600CE,NIFTY,CE,NFO-OPT,2026-06-16,26600,75,0.05
500691,NFO,NIFTY2661626600PE,NIFTY,PE,NFO-OPT,2026-06-16,26600,75,0.05
500692,NFO,NIFTY2661626625CE,NIFTY,CE,NFO-OPT,2026-06-16,26625,75,0.05
500693,NFO,NIFTY2661626625PE,NIFTY,PE,NFO-OPT,2026-06-16,26625,75,0.05
500694,NFO,NIFTY2661626650CE,NIFTY,CE,NFO-OPT,2026-06-16,26650,75,0.05
500695,NFO,NIFTY2661626650PE,NIFTY,PE,NFO-OPT,2026-06-16,26650,75,0.05
500696,NFO,NIFTY2661626675CE,NIFTY,CE,NFO-OPT,2026-06-16,26675,75,0.05
500697,NFO,NIFTY2661626675PE,NIFTY,PE,NFO-OPT,2026-06-16,26675,75,0.05
500698,NFO,NIFTY2661626700CE,NIFTY,CE,NFO-OPT,2026-06-16,26700,75,0.05
500699,NFO,NIFTY2661626700PE,NIFTY,PE,NFO-OPT,2026-06-16,26700,75,0.05
500700,NFO,NIFTY2661626725CE,NIFTY,CE,NFO-OPT,2026-06-16,26725,75,0.05
500701,NFO,NIFTY2661626725PE,NIFTY,PE,NFO-OPT,2026-06-16,26725,75,0.05
500702,NFO,NIFTY2661626750CE,NIFTY,CE,NFO-OPT,2026-06-16,26750,75,0.05
500703,NFO,NIFTY2661626750PE,NIFTY,PE,NFO-OPT,2026-06-16,26750,75,0.05
500704,NFO,NIFTY2661626775CE,NIFTY,CE,NFO-OPT,2026-06-16,26775,75,0.05
500705,NFO,NIFTY2661626775PE,NIFTY,PE,NFO-OPT,2026-06-16,26775,75,0.05
500706,NFO,NIFTY2661626800CE,NIFTY,CE,NFO-OPT,2026-06-16,26800,75,0.05
500707,NFO,NIFTY2661626800PE,NIFTY,PE,NFO-OPT,2026-06-16,26800,75,0.05
500708,NFO,NIFTY2661626825CE,NIFTY,CE,NFO-OPT,2026-06-16,26825,75,0.05
500709,NFO,NIFTY2661626825PE,NIFTY,PE,NFO-OPT,2026-06-16,26825,75,0.05
500710,NFO,NIFTY2661626850CE,NIFTY,CE,NFO-OPT,2026-06-16,26850,75,0.05
500711,NFO,NIFTY2661626850PE,NIFTY,PE,NFO-OPT,2026-06-16,26850,75,0.05
500712,NFO,NIFTY2661626875CE,NIFTY,CE,NFO-OPT,2026-06-16,26875,75,0.05
500713,NFO,NIFTY2661626875PE,NIFTY,PE,NFO-OPT,2026-06-16,26875,75,0.05
500714,NFO,NIFTY2661626900CE,NIFTY,CE,NFO-OPT,2026-06-16,26900,75,0.05
500715,NFO,NIFTY2661626900PE,NIFTY,PE,NFO-OPT,2026-06-16,26900,75,0.05
500716,NFO,NIFTY2661626925CE,NIFTY,CE,NFO-OPT,2026-06-16,26925,75,0.05
500717,NFO,NIFTY2661626925PE,NIFTY,PE,NFO-OPT,2026-06-16,26925,75,0.05
500718,NFO,NIFTY2661626950CE,NIFTY,CE,NFO-OPT,2026-06-16,26950,75,0.05
500719,NFO,NIFTY2661626950PE,NIFTY,PE,NFO-OPT,2026-06-16,26950,75,0.05
500720,NFO,NIFTY2661626975CE,NIFTY,CE,NFO-OPT,2026-06-16,26975,75,0.05
500721,NFO,NIFTY2661626975PE,NIFTY,PE,NFO-OPT,2026-06-16,26975,75,0.05
500722,NFO,NIFTY2661627000CE,NIFTY,CE,NFO-OPT,2026-06-16,27000,75,0.05
500723,NFO,NIFTY2661627000PE,NIFTY,PE,NFO-OPT,2026-06-16,27000,75,0.05
500724,NFO,NIFTY2661627025CE,NIFTY,CE,NFO-OPT,2026-06-16,27025,75,0.05
500725,NFO,NIFTY2661627025PE,NIFTY,PE,NFO-OPT,2026-06-16,27025,75,0.05
500726,NFO,NIFTY2661627050CE,NIFTY,CE,NFO-OPT,2026-06-16,27050,75,0.05
500727,NFO,NIFTY2661627050PE,NIFTY,PE,NFO-OPT,2026-06-16,27050,75,0.05
500728,NFO,NIFTY2661627075CE,NIFTY,CE,NFO-OPT,2026-06-16,27075,75,0.05
500729,NFO,NIFTY2661627075PE,NIFTY,PE,NFO-OPT,2026-06-16,27075,75,0.05
500730,NFO,NIFTY2661627100CE,NIFTY,CE,NFO-OPT,2026-06-16,27100,75,0.05
500731,NFO,NIFTY2661627100PE,NIFTY,PE,NFO-OPT,2026-06-16,27100,75,0.05
500732,NFO,NIFTY2661627125CE,NIFTY,CE,NFO-OPT,2026-06-16,27125,75,0.05
500733,NFO,NIFTY2661627125PE,NIFTY,PE,NFO-OPT,2026-06-16,27125,75,0.05
500734,NFO,NIFTY2661627150CE,NIFTY,CE,NFO-OPT,2026-06-16,27150,75,0.05
500735,NFO,NIFTY2661627150PE,NIFTY,PE,NFO-OPT,2026-06-16,27150,75,0.05
500736,NFO,NIFTY2661627175CE,NIFTY,CE,NFO-OPT,2026-06-16,27175,75,0.05
500737,NFO,NIFTY2661627175PE,NIFTY,PE,NFO-OPT,2026-06-16,27175,75,0.05
500738,NFO,NIFTY2661627200CE,NIFTY,CE,NFO-OPT,2026-06-16,27200,75,0.05
500739,NFO,NIFTY2661627200PE,NIFTY,PE,NFO-OPT,2026-06-16,27200,75,0.05
500740,NFO,NIFTY2661627225CE,NIFTY,CE,NFO-OPT,2026-06-16,27225,75,0.05
500741,NFO,NIFTY2661627225PE,NIFTY,PE,NFO-OPT,2026-06-16,27225,75,0.05
500742,NFO,NIFTY2661627250CE,NIFTY,CE,NFO-OPT,2026-06-16,27250,75,0.05
500743,NFO,NIFTY2661627250PE,NIFTY,PE,NFO-OPT,2026-06-16,27250,75,0.05
500744,NFO,NIFTY2661627275CE,NIFTY,CE,NFO-OPT,2026-06-16,27275,75,0.05
500745,NFO,NIFTY2661627275PE,NIFTY,PE,NFO-OPT,2026-06-16,27275,75,0.05
500746,NFO,NIFTY2661627300CE,NIFTY,CE,NFO-OPT,2026-06-16,27300,75,0.05
500747,NFO,NIFTY2661627300PE,NIFTY,PE,NFO-OPT,2026-06-16,27300,75,0.05
500748,NFO,NIFTY2661627325CE,NIFTY,CE,NFO-OPT,2026-06-16,27325,75,0.05
500749,NFO,NIFTY2661627325PE,NIFTY,PE,NFO-OPT,2026-06-16,27325,75,0.05
500750,NFO,NIFTY2661627350CE,NIFTY,CE,NFO-OPT,2026-06-16,27350,75,0.05
500751,NFO,NIFTY2661627350PE,NIFTY,PE,NFO-OPT,2026-06-16,27350,75,0.05
500752,NFO,NIFTY2661627375CE,NIFTY,CE,NFO-OPT,2026-06-16,27375,75,0.05
500753,NFO,NIFTY2661627375PE,NIFTY,PE,NFO-OPT,2026-06-16,27375,75,0.05
500754,NFO,NIFTY2661627400CE,NIFTY,CE,NFO-OPT,2026-06-16,27400,75,0.05
500755,NFO,NIFTY2661627400PE,NIFTY,PE,NFO-OPT,2026-06-16,27400,75,0.05
500756,NFO,NIFTY2661627425CE,NIFTY,CE,NFO-OPT,2026-06-16,27425,75,0.05
500757,NFO,NIFTY2661627425PE,NIFTY,PE,NFO-OPT,2026-06-16,27425,75,0.05
500758,NFO,NIFTY2661627450CE,NIFTY,CE,NFO-OPT,2026-06-16,27450,75,0.05
500759,NFO,NIFTY2661627450PE,NIFTY,PE,NFO-OPT,2026-06-16,27450,75,0.05
500760,NFO,NIFTY2661627475CE,NIFTY,CE,NFO-OPT,2026-06-16,27475,75,0.05
500761,NFO,NIFTY2661627475PE,NIFTY,PE,NFO-OPT,2026-06-16,27475,75,0.05
500762,NFO,NIFTY2661627500CE,NIFTY,CE,NFO-OPT,2026-06-16,27500,75,0.05
500763,NFO,NIFTY2661627500PE,NIFTY,PE,NFO-OPT,2026-06-16,27500,75,0.05
500764,NFO,NIFTY2661627525CE,NIFTY,CE,NFO-OPT,2026-06-16,27525,75,0.05
500765,NFO,NIFTY2661627525PE,NIFTY,PE,NFO-OPT,2026-06-16,27525,75,0.05
500766,NFO,NIFTY2661627550CE,NIFTY,CE,NFO-OPT,2026-06-16,27550,75,0.05
500767,NFO,NIFTY2661627550PE,NIFTY,PE,NFO-OPT,2026-06-16,27550,75,0.05
500768,NFO,NIFTY2661627575CE,NIFTY,CE,NFO-OPT,2026-06-16,27575,75,0.05
500769,NFO,NIFTY2661627575PE,NIFTY,PE,NFO-OPT,2026-06-16,27575,75,0.05
500770,NFO,NIFTY2661627600CE,NIFTY,CE,NFO-OPT,2026-06-16,27600,75,0.05
500771,NFO,NIFTY2661627600PE,NIFTY,PE,NFO-OPT,2026-06-16,27600,75,0.05
500772,NFO,NIFTY2661627625CE,NIFTY,CE,NFO-OPT,2026-06-16,27625,75,0.05
500773,NFO,NIFTY2661627625PE,NIFTY,PE,NFO-OPT,2026-06-16,27625,75,0.05
500774,NFO,NIFTY2661627650CE,NIFTY,CE,NFO-OPT,2026-06-16,27650,75,0.05
500775,NFO,NIFTY2661627650PE,NIFTY,PE,NFO-OPT,2026-06-16,27650,75,0.05
500776,NFO,NIFTY2661627675CE,NIFTY,CE,NFO-OPT,2026-06-16,27675,75,0.05
500777,NFO,NIFTY2661627675PE,NIFTY,PE,NFO-OPT,2026-06-16,27675,75,0.05
500778,NFO,NIFTY2661627700CE,NIFTY,CE,NFO-OPT,2026-06-16,27700,75,0.05
500779,NFO,NIFTY2661627700PE,NIFTY,PE,NFO-OPT,2026-06-16,27700,75,0.05
500780,NFO,NIFTY2661627725CE,NIFTY,CE,NFO-OPT,2026-06-16,27725,75,0.05
500781,NFO,NIFTY2661627725PE,NIFTY,PE,NFO-OPT,2026-06-16,27725,75,0.05
500782,NFO,NIFTY2661627750CE,NIFTY,CE,NFO-OPT,2026-06-16,27750,75,0.05
500783,NFO,NIFTY2661627750PE,NIFTY,PE,NFO-OPT,2026-06-16,27750,75,0.05
500784,NFO,NIFTY2661627775CE,NIFTY,CE,NFO-OPT,2026-06-16,27775,75,0.05
500785,NFO,NIFTY2661627775PE,NIFTY,PE,NFO-OPT,2026-06-16,27775,75,0.05
500786,NFO,NIFTY2661627800CE,NIFTY,CE,NFO-OPT,2026-06-16,27800,75,0.05
500787,NFO,NIFTY2661627800PE,NIFTY,PE,NFO-OPT,2026-06-16,27800,75,0.05
500788,NFO,NIFTY2661627825CE,NIFTY,CE,NFO-OPT,2026-06-16,27825,75,0.05
500789,NFO,NIFTY2661627825PE,NIFTY,PE,NFO-OPT,2026-06-16,27825,75,0.05
500790,NFO,NIFTY2661627850CE,NIFTY,CE,NFO-OPT,2026-06-16,27850,75,0.05
500791,NFO,NIFTY2661627850PE,NIFTY,PE,NFO-OPT,2026-06-16,27850,75,0.05
500792,NFO,NIFTY2661627875CE,NIFTY,CE,NFO-OPT,2026-06-16,27875,75,0.05
500793,NFO,NIFTY2661627875PE,NIFTY,PE,NFO-OPT,2026-06-16,27875,75,0.05
500794,NFO,NIFTY2661627900CE,NIFTY,CE,NFO-OPT,2026-06-16,27900,75,0.05
500795,NFO,NIFTY2661627900PE,NIFTY,PE,NFO-OPT,2026-06-16,27900,75,0.05
500796,NFO,NIFTY2661627925CE,NIFTY,CE,NFO-OPT,2026-06-16,27925,75,0.05
500797,NFO,NIFTY2661627925PE,NIFTY,PE,NFO-OPT,2026-06-16,27925,75,0.05
500798,NFO,NIFTY2661627950CE,NIFTY,CE,NFO-OPT,2026-06-16,27950,75,0.05
500799,NFO,NIFTY2661627950PE,NIFTY,PE,NFO-OPT,2026-06-16,27950,75,0.05
500800,NFO,NIFTY2661627975CE,NIFTY,CE,NFO-OPT,2026-06-16,27975,75,0.05
500801,NFO,NIFTY2661627975PE,NIFTY,PE,NFO-OPT,2026-06-16,27975,75,0.05
500802,NFO,NIFTY2661628000CE,NIFTY,CE,NFO-OPT,2026-06-16,28000,75,0.05
500803,NFO,NIFTY2661628000PE,NIFTY,PE,NFO-OPT,2026-06-16,28000,75,0.05
500804,NFO,NIFTY2661628025CE,NIFTY,CE,NFO-OPT,2026-06-16,28025,75,0.05
500805,NFO,NIFTY2661628025PE,NIFTY,PE,NFO-OPT,2026-06-16,28025,75,0.05
500806,NFO,NIFTY2661628050CE,NIFTY,CE,NFO-OPT,2026-06-16,28050,75,0.05
500807,NFO,NIFTY2661628050PE,NIFTY,PE,NFO-OPT,2026-06-16,28050,75,0.05
500808,NFO,NIFTY2661628075CE,NIFTY,CE,NFO-OPT,2026-06-16,28075,75,0.05
500809,NFO,NIFTY2661628075PE,NIFTY,PE,NFO-OPT,2026-06-16,28075,75,0.05
500810,NFO,NIFTY2661628100CE,NIFTY,CE,NFO-OPT,2026-06-16,28100,75,0.05
500811,NFO,NIFTY2661628100PE,NIFTY,PE,NFO-OPT,2026-06-16,28100,75,0.05
500812,NFO,NIFTY2661628125CE,NIFTY,CE,NFO-OPT,2026-06-16,28125,75,0.05
500813,NFO,NIFTY2661628125PE,NIFTY,PE,NFO-OPT,2026-06-16,28125,75,0.05
500814,NFO,NIFTY2661628150CE,NIFTY,CE,NFO-OPT,2026-06-16,28150,75,0.05
500815,NFO,NIFTY2661628150PE,NIFTY,PE,NFO-OPT,2026-06-16,28150,75,0.05
500816,NFO,NIFTY2661628175CE,NIFTY,CE,NFO-OPT,2026-06-16,28175,75,0.05
500817,NFO,NIFTY2661628175PE,NIFTY,PE,NFO-OPT,2026-06-16,28175,75,0.05
500818,NFO,NIFTY2661628200CE,NIFTY,CE,NFO-OPT,2026-06-16,28200,75,0.05
500819,NFO,NIFTY2661628200PE,NIFTY,PE,NFO-OPT,2026-06-16,28200,75,0.05
500820,NFO,NIFTY2661628225CE,NIFTY,CE,NFO-OPT,2026-06-16,28225,75,0.05
500821,NFO,NIFTY2661628225PE,NIFTY,PE,NFO-OPT,2026-06-16,28225,75,0.05
500822,NFO,NIFTY2661628250CE,NIFTY,CE,NFO-OPT,2026-06-16,28250,75,0.05
500823,NFO,NIFTY2661628250PE,NIFTY,PE,NFO-OPT,2026-06-16,28250,75,0.05
500824,NFO,NIFTY2661628275CE,NIFTY,CE,NFO-OPT,2026-06-16,28275,75,0.05
500825,NFO,NIFTY2661628275PE,NIFTY,PE,NFO-OPT,2026-06-16,28275,75,0.05
500826,NFO,NIFTY2661628300CE,NIFTY,CE,NFO-OPT,2026-06-16,28300,75,0.05
500827,NFO,NIFTY2661628300PE,NIFTY,PE,NFO-OPT,2026-06-16,28300,75,0.05
500828,NFO,NIFTY2661628325CE,NIFTY,CE,NFO-OPT,2026-06-16,28325,75,0.05
500829,NFO,NIFTY2661628325PE,NIFTY,PE,NFO-OPT,2026-06-16,28325,75,0.05
500830,NFO,NIFTY2661628350CE,NIFTY,CE,NFO-OPT,2026-06-16,28350,75,0.05
500831,NFO,NIFTY2661628350PE,NIFTY,PE,NFO-OPT,2026-06-16,28350,75,0.05
500832,NFO,NIFTY2661628375CE,NIFTY,CE,NFO-OPT,2026-06-16,28375,75,0.05
500833,NFO,NIFTY2661628375PE,NIFTY,PE,NFO-OPT,2026-06-16,28375,75,0.05
500834,NFO,NIFTY2661628400CE,NIFTY,CE,NFO-OPT,2026-06-16,28400,75,0.05
500835,NFO,NIFTY2661628400PE,NIFTY,PE,NFO-OPT,2026-06-16,28400,75,0.05
500836,NFO,NIFTY2661628425CE,NIFTY,CE,NFO-OPT,2026-06-16,28425,75,0.05
500837,NFO,NIFTY2661628425PE,NIFTY,PE,NFO-OPT,2026-06-16,28425,75,0.05
500838,NFO,NIFTY2661628450CE,NIFTY,CE,NFO-OPT,2026-06-16,28450,75,0.05
500839,NFO,NIFTY2661628450PE,NIFTY,PE,NFO-OPT,2026-06-16,28450,75,0.05
500840,NFO,NIFTY2661628475CE,NIFTY,CE,NFO-OPT,2026-06-16,28475,75,0.05
500841,NFO,NIFTY2661628475PE,NIFTY,PE,NFO-OPT,2026-06-16,28475,75,0.05
500842,NFO,NIFTY2661628500CE,NIFTY,CE,NFO-OPT,2026-06-16,28500,75,0.05
500843,NFO,NIFTY2661628500PE,NIFTY,PE,NFO-OPT,2026-06-16,28500,75,0.05
500844,NFO,NIFTY2661628525CE,NIFTY,CE,NFO-OPT,2026-06-16,28525,75,0.05
500845,NFO,NIFTY2661628525PE,NIFTY,PE,NFO-OPT,2026-06-16,28525,75,0.05
500846,NFO,NIFTY2661628550CE,NIFTY,CE,NFO-OPT,2026-06-16,28550,75,0.05
500847,NFO,NIFTY2661628550PE,NIFTY,PE,NFO-OPT,2026-06-16,28550,75,0.05
500848,NFO,NIFTY2661628575CE,NIFTY,CE,NFO-OPT,2026-06-16,28575,75,0.05
500849,NFO,NIFTY2661628575PE,NIFTY,PE,NFO-OPT,2026-06-16,28575,75,0.05
500850,NFO,NIFTY2661628600CE,NIFTY,CE,NFO-OPT,2026-06-16,28600,75,0.05
500851,NFO,NIFTY2661628600PE,NIFTY,PE,NFO-OPT,2026-06-16,28600,75,0.05
500852,NFO,NIFTY2661628625CE,NIFTY,CE,NFO-OPT,2026-06-16,28625,75,0.05
500853,NFO,NIFTY2661628625PE,NIFTY,PE,NFO-OPT,2026-06-16,28625,75,0.05
500854,NFO,NIFTY2661628650CE,NIFTY,CE,NFO-OPT,2026-06-16,28650,75,0.05
500855,NFO,NIFTY2661628650PE,NIFTY,PE,NFO-OPT,2026-06-16,28650,75,0.05
500856,NFO,NIFTY2661628675CE,NIFTY,CE,NFO-OPT,2026-06-16,28675,75,0.05
500857,NFO,NIFTY2661628675PE,NIFTY,PE,NFO-OPT,2026-06-16,28675,75,0.05
500858,NFO,NIFTY2661628700CE,NIFTY,CE,NFO-OPT,2026-06-16,28700,75,0.05
500859,NFO,NIFTY2661628700PE,NIFTY,PE,NFO-OPT,2026-06-16,28700,75,0.05
500860,NFO,NIFTY2661628725CE,NIFTY,CE,NFO-OPT,2026-06-16,28725,75,0.05
500861,NFO,NIFTY2661628725PE,NIFTY,PE,NFO-OPT,2026-06-16,28725,75,0.05
500862,NFO,NIFTY2661628750CE,NIFTY,CE,NFO-OPT,2026-06-16,28750,75,0.05
500863,NFO,NIFTY2661628750PE,NIFTY,PE,NFO-OPT,2026-06-16,28750,75,0.05
500864,NFO,NIFTY2661628775CE,NIFTY,CE,NFO-OPT,2026-06-16,28775,75,0.05
500865,NFO,NIFTY2661628775PE,NIFTY,PE,NFO-OPT,2026-06-16,28775,75,0.05
500866,NFO,NIFTY2661628800CE,NIFTY,CE,NFO-OPT,2026-06-16,28800,75,0.05
500867,NFO,NIFTY2661628800PE,NIFTY,PE,NFO-OPT,2026-06-16,28800,75,0.05
500868,NFO,NIFTY2661628825CE,NIFTY,CE,NFO-OPT,2026-06-16,28825,75,0.05
500869,NFO,NIFTY2661628825PE,NIFTY,PE,NFO-OPT,2026-06-16,28825,75,0.05
500870,NFO,NIFTY2661628850CE,NIFTY,CE,NFO-OPT,2026-06-16,28850,75,0.05
500871,NFO,NIFTY2661628850PE,NIFTY,PE,NFO-OPT,2026-06-16,28850,75,0.05
500872,NFO,NIFTY2661628875CE,NIFTY,CE,NFO-OPT,2026-06-16,28875,75,0.05
500873,NFO,NIFTY2661628875PE,NIFTY,PE,NFO-OPT,2026-06-16,28875,75,0.05
500874,NFO,NIFTY2661628900CE,NIFTY,CE,NFO-OPT,2026-06-16,28900,75,0.05
500875,NFO,NIFTY2661628900PE,NIFTY,PE,NFO-OPT,2026-06-16,28900,75,0.05
500876,NFO,NIFTY2661628925CE,NIFTY,CE,NFO-OPT,2026-06-16,28925,75,0.05
500877,NFO,NIFTY2661628925PE,NIFTY,PE,NFO-OPT,2026-06-16,28925,75,0.05
500878,NFO,NIFTY2661628950CE,NIFTY,CE,NFO-OPT,2026-06-16,28950,75,0.05
500879,NFO,NIFTY2661628950PE,NIFTY,PE,NFO-OPT,2026-06-16,28950,75,0.05
500880,NFO,NIFTY2661628975CE,NIFTY,CE,NFO-OPT,2026-06-16,28975,75,0.05
500881,NFO,NIFTY2661628975PE,NIFTY,PE,NFO-OPT,2026-06-16,28975,75,0.05
500882,NFO,NIFTY2661629000CE,NIFTY,CE,NFO-OPT,2026-06-16,29000,75,0.05
500883,NFO,NIFTY2661629000PE,NIFTY,PE,NFO-OPT,2026-06-16,29000,75,0.05
500884,NFO,NIFTY2661629025CE,NIFTY,CE,NFO-OPT,2026-06-16,29025,75,0.05
500885,NFO,NIFTY2661629025PE,NIFTY,PE,NFO-OPT,2026-06-16,29025,75,0.05
500886,NFO,NIFTY2661629050CE,NIFTY,CE,NFO-OPT,2026-06-16,29050,75,0.05
500887,NFO,NIFTY2661629050PE,NIFTY,PE,NFO-OPT,2026-06-16,29050,75,0.05
500888,NFO,NIFTY2661629075CE,NIFTY,CE,NFO-OPT,2026-06-16,29075,75,0.05
500889,NFO,NIFTY2661629075PE,NIFTY,PE,NFO-OPT,2026-06-16,29075,75,0.05
500890,NFO,NIFTY2661629100CE,NIFTY,CE,NFO-OPT,2026-06-16,29100,75,0.05
500891,NFO,NIFTY2661629100PE,NIFTY,PE,NFO-OPT,2026-06-16,29100,75,0.05
500892,NFO,NIFTY2661629125CE,NIFTY,CE,NFO-OPT,2026-06-16,29125,75,0.05
500893,NFO,NIFTY2661629125PE,NIFTY,PE,NFO-OPT,2026-06-16,29125,75,0.05
500894,NFO,NIFTY2661629150CE,NIFTY,CE,NFO-OPT,2026-06-16,29150,75,0.05
500895,NFO,NIFTY2661629150PE,NIFTY,PE,NFO-OPT,2026-06-16,29150,75,0.05
500896,NFO,NIFTY2661629175CE,NIFTY,CE,NFO-OPT,2026-06-16,29175,75,0.05
500897,NFO,NIFTY2661629175PE,NIFTY,PE,NFO-OPT,2026-06-16,29175,75,0.05
500898,NFO,NIFTY2661629200CE,NIFTY,CE,NFO-OPT,2026-06-16,29200,75,0.05
500899,NFO,NIFTY2661629200PE,NIFTY,PE,NFO-OPT,2026-06-16,29200,75,0.05
500900,NFO,NIFTY2661629225CE,NIFTY,CE,NFO-OPT,2026-06-16,29225,75,0.05
500901,NFO,NIFTY2661629225PE,NIFTY,PE,NFO-OPT,2026-06-16,29225,75,0.05
500902,NFO,NIFTY2661629250CE,NIFTY,CE,NFO-OPT,2026-06-16,29250,75,0.05
500903,NFO,NIFTY2661629250PE,NIFTY,PE,NFO-OPT,2026-06-16,29250,75,0.05
500904,NFO,NIFTY2661629275CE,NIFTY,CE,NFO-OPT,2026-06-16,29275,75,0.05
500905,NFO,NIFTY2661629275PE,NIFTY,PE,NFO-OPT,2026-06-16,29275,75,0.05
500906,NFO,NIFTY2661629300CE,NIFTY,CE,NFO-OPT,2026-06-16,29300,75,0.05
500907,NFO,NIFTY2661629300PE,NIFTY,PE,NFO-OPT,2026-06-16,29300,75,0.05
500908,NFO,NIFTY2661629325CE,NIFTY,CE,NFO-OPT,2026-06-16,29325,75,0.05
500909,NFO,NIFTY2661629325PE,NIFTY,PE,NFO-OPT,2026-06-16,29325,75,0.05
500910,NFO,NIFTY2661629350CE,NIFTY,CE,NFO-OPT,2026-06-16,29350,75,0.05
500911,NFO,NIFTY2661629350PE,NIFTY,PE,NFO-OPT,2026-06-16,29350,75,0.05
500912,NFO,NIFTY2661629375CE,NIFTY,CE,NFO-OPT,2026-06-16,29375,75,0.05
500913,NFO,NIFTY2661629375PE,NIFTY,PE,NFO-OPT,2026-06-16,29375,75,0.05
500914,NFO,NIFTY2661629400CE,NIFTY,CE,NFO-OPT,2026-06-16,29400,75,0.05
500915,NFO,NIFTY2661629400PE,NIFTY,PE,NFO-OPT,2026-06-16,29400,75,0.05
500916,NFO,NIFTY2661629425CE,NIFTY,CE,NFO-OPT,2026-06-16,29425,75,0.05
500917,NFO,NIFTY2661629425PE,NIFTY,PE,NFO-OPT,2026-06-16,29425,75,0.05
500918,NFO,NIFTY2661629450CE,NIFTY,CE,NFO-OPT,2026-06-16,29450,75,0.05
500919,NFO,NIFTY2661629450PE,NIFTY,PE,NFO-OPT,2026-06-16,29450,75,0.05
500920,NFO,NIFTY2661629475CE,NIFTY,CE,NFO-OPT,2026-06-16,29475,75,0.05
500921,NFO,NIFTY2661629475PE,NIFTY,PE,NFO-OPT,2026-06-16,29475,75,0.05
500922,NFO,NIFTY2661629500CE,NIFTY,CE,NFO-OPT,2026-06-16,29500,75,0.05
500923,NFO,NIFTY2661629500PE,NIFTY,PE,NFO-OPT,2026-06-16,29500,75,0.05
500924,NFO,NIFTY2661629525CE,NIFTY,CE,NFO-OPT,2026-06-16,29525,75,0.05
500925,NFO,NIFTY2661629525PE,NIFTY,PE,NFO-OPT,2026-06-16,29525,75,0.05
500926,NFO,NIFTY2661629550CE,NIFTY,CE,NFO-OPT,2026-06-16,29550,75,0.05
500927,NFO,NIFTY2661629550PE,NIFTY,PE,NFO-OPT,2026-06-16,29550,75,0.05
500928,NFO,NIFTY2661629575CE,NIFTY,CE,NFO-OPT,2026-06-16,29575,75,0.05
500929,NFO,NIFTY2661629575PE,NIFTY,PE,NFO-OPT,2026-06-16,29575,75,0.05
500930,NFO,NIFTY2661629600CE,NIFTY,CE,NFO-OPT,2026-06-16,29600,75,0.05
500931,NFO,NIFTY2661629600PE,NIFTY,PE,NFO-OPT,2026-06-16,29600,75,0.05
500932,NFO,NIFTY2661629625CE,NIFTY,CE,NFO-OPT,2026-06-16,29625,75,0.05
500933,NFO,NIFTY2661629625PE,NIFTY,PE,NFO-OPT,2026-06-16,29625,75,0.05
500934,NFO,NIFTY2661629650CE,NIFTY,CE,NFO-OPT,2026-06-16,29650,75,0.05
500935,NFO,NIFTY2661629650PE,NIFTY,PE,NFO-OPT,2026-06-16,29650,75,0.05
500936,NFO,NIFTY2661629675CE,NIFTY,CE,NFO-OPT,2026-06-16,29675,75,0.05
500937,NFO,NIFTY2661629675PE,NIFTY,PE,NFO-OPT,2026-06-16,29675,75,0.05
500938,NFO,NIFTY2661629700CE,NIFTY,CE,NFO-OPT,2026-06-16,29700,75,0.05
500939,NFO,NIFTY2661629700PE,NIFTY,PE,NFO-OPT,2026-06-16,29700,75,0.05
500940,NFO,NIFTY2661629725CE,NIFTY,CE,NFO-OPT,2026-06-16,29725,75,0.05
500941,NFO,NIFTY2661629725PE,NIFTY,PE,NFO-OPT,2026-06-16,29725,75,0.05
500942,NFO,NIFTY2661629750CE,NIFTY,CE,NFO-OPT,2026-06-16,29750,75,0.05
500943,NFO,NIFTY2661629750PE,NIFTY,PE,NFO-OPT,2026-06-16,29750,75,0.05
500944,NFO,NIFTY2661629775CE,NIFTY,CE,NFO-OPT,2026-06-16,29775,75,0.05
500945,NFO,NIFTY2661629775PE,NIFTY,PE,NFO-OPT,2026-06-16,29775,75,0.05
500946,NFO,NIFTY2661629800CE,NIFTY,CE,NFO-OPT,2026-06-16,29800,75,0.05
500947,NFO,NIFTY2661629800PE,NIFTY,PE,NFO-OPT,2026-06-16,29800,75,0.05
500948,NFO,NIFTY2661629825CE,NIFTY,CE,NFO-OPT,2026-06-16,29825,75,0.05
500949,NFO,NIFTY2661629825PE,NIFTY,PE,NFO-OPT,2026-06-16,29825,75,0.05
500950,NFO,NIFTY2661629850CE,NIFTY,CE,NFO-OPT,2026-06-16,29850,75,0.05
500951,NFO,NIFTY2661629850PE,NIFTY,PE,NFO-OPT,2026-06-16,29850,75,0.05
500952,NFO,NIFTY2661629875CE,NIFTY,CE,NFO-OPT,2026-06-16,29875,75,0.05
500953,NFO,NIFTY2661629875PE,NIFTY,PE,NFO-OPT,2026-06-16,29875,75,0.05
500954,NFO,NIFTY2661629900CE,NIFTY,CE,NFO-OPT,2026-06-16,29900,75,0.05
500955,NFO,NIFTY2661629900PE,NIFTY,PE,NFO-OPT,2026-06-16,29900,75,0.05
500956,NFO,NIFTY2661629925CE,NIFTY,CE,NFO-OPT,2026-06-16,29925,75,0.05
500957,NFO,NIFTY2661629925PE,NIFTY,PE,NFO-OPT,2026-06-16,29925,75,0.05
500958,NFO,NIFTY2661629950CE,NIFTY,CE,NFO-OPT,2026-06-16,29950,75,0.05
500959,NFO,NIFTY2661629950PE,NIFTY,PE,NFO-OPT,2026-06-16,29950,75,0.05
500960,NFO,NIFTY2661629975CE,NIFTY,CE,NFO-OPT,2026-06-16,29975,75,0.05
500961,NFO,NIFTY2661629975PE,NIFTY,PE,NFO-OPT,2026-06-16,29975,75,0.05
500962,NFO,NIFTY2661630000CE,NIFTY,CE,NFO-OPT,2026-06-16,30000,75,0.05
500963,NFO,NIFTY2661630000PE,NIFTY,PE,NFO-OPT,2026-06-16,30000,75,0.05
